scenario_id,time_bin_start,gate_av_n0_spatial,gate_av_n1_passenger_compatible,gate_av_n2_structurally_ready,gate_av_n3_evidence_complete,gate_av_n3a_shared_topk,gate_av_n3b_route_returned,gate_av_n4_pickup_within_patience,gate_av_n5_solver_eligible,gate_av_n6_selected,gate_av_loss_acceptance,gate_av_loss_no_selected_route,gate_av_loss_hard_infeasible,gate_av_loss_hard_unknown,gate_av_loss_evidence_incomplete,gate_av_loss_shared_topk,gate_av_loss_routing_failure,gate_av_loss_patience,gate_av_loss_other_arc_condition,gate_av_loss_dispatch_competition
BENCH_AV_M,2016-10-31 00:00:00+08:00,85122,85122,20373,1204,460,460,343,343,23,0,46882,0,17867,19169,744,0,117,0,320
BENCH_AV_M,2016-10-31 00:15:00+08:00,219576,219576,63266,2026,740,740,596,596,37,0,106138,0,50172,61240,1286,0,144,0,559
BENCH_AV_M,2016-10-31 00:30:00+08:00,231963,231963,74353,4396,600,600,343,343,20,0,120075,0,37535,69957,3796,0,257,0,323
BENCH_AV_M,2016-10-31 00:45:00+08:00,220484,220484,55552,1087,400,400,342,342,20,0,99399,0,65533,54465,687,0,58,0,322
BENCH_AV_M,2016-10-31 01:00:00+08:00,160764,160764,67278,1952,560,560,340,340,24,0,59518,0,33968,65326,1392,0,220,0,316
BENCH_AV_M,2016-10-31 01:15:00+08:00,179181,179181,67846,2756,419,419,214,214,15,0,81964,0,29371,65090,2337,0,205,0,199
BENCH_AV_M,2016-10-31 01:30:00+08:00,139607,139607,31919,913,297,297,241,241,15,0,66205,0,41483,31006,616,0,56,0,226
BENCH_AV_M,2016-10-31 01:45:00+08:00,103056,103056,20540,540,218,218,127,127,11,0,55921,0,26595,20000,322,0,91,0,116
BENCH_AV_M,2016-10-31 02:00:00+08:00,135030,135030,33509,804,313,313,249,249,16,0,69903,0,31618,32705,491,0,64,0,233
BENCH_AV_M,2016-10-31 02:15:00+08:00,97850,97850,24229,928,300,300,219,219,15,0,37985,0,35636,23301,628,0,81,0,204
BENCH_AV_M,2016-10-31 02:30:00+08:00,91613,91613,43583,3831,320,320,70,70,6,0,24946,0,23084,39752,3511,0,250,0,64
BENCH_AV_M,2016-10-31 02:45:00+08:00,85942,85942,29279,342,118,118,74,74,6,0,31972,0,24691,28937,224,0,44,0,68
BENCH_AV_M,2016-10-31 03:00:00+08:00,113952,113952,31965,521,220,220,178,178,11,0,59154,0,22833,31444,301,0,42,0,167
BENCH_AV_M,2016-10-31 03:15:00+08:00,74547,74547,12574,374,139,139,105,105,7,0,46342,0,15631,12200,235,0,34,0,98
BENCH_AV_M,2016-10-31 03:30:00+08:00,52234,52234,11111,208,100,100,87,87,5,0,29674,0,11449,10903,108,0,13,0,82
BENCH_AV_M,2016-10-31 03:45:00+08:00,91293,91293,21277,324,120,120,102,102,6,0,49144,0,20872,20953,204,0,18,0,96
BENCH_AV_M,2016-10-31 04:00:00+08:00,51929,51929,2351,90,40,40,35,35,2,0,29218,0,20360,2261,50,0,5,0,33
BENCH_AV_M,2016-10-31 04:15:00+08:00,44275,44275,218,218,115,115,76,76,6,0,31354,0,12703,0,103,0,39,0,70
BENCH_AV_M,2016-10-31 04:30:00+08:00,39648,39648,19033,475,158,158,123,123,8,0,10606,0,10009,18558,317,0,35,0,115
BENCH_AV_M,2016-10-31 04:45:00+08:00,52836,52836,19055,3069,320,320,113,113,6,0,21756,0,12025,15986,2749,0,207,0,107
BENCH_AV_M,2016-10-31 05:00:00+08:00,51780,51780,8981,455,160,160,140,140,8,0,27780,0,15019,8526,295,0,20,0,132
BENCH_AV_M,2016-10-31 05:15:00+08:00,38323,38323,6256,493,180,180,143,143,9,0,16547,0,15520,5763,313,0,37,0,134
BENCH_AV_M,2016-10-31 05:30:00+08:00,53823,53823,11028,389,140,140,118,118,7,0,26128,0,16667,10639,249,0,22,0,111
BENCH_AV_M,2016-10-31 05:45:00+08:00,87756,87756,18282,749,238,238,160,160,12,0,42797,0,26677,17533,511,0,78,0,148
BENCH_AV_M,2016-10-31 06:00:00+08:00,82683,82683,22844,1043,318,318,250,250,16,0,41705,0,18134,21801,725,0,68,0,234
BENCH_AV_M,2016-10-31 06:15:00+08:00,103970,103970,31894,1293,378,378,306,306,19,0,51810,0,20266,30601,915,0,72,0,287
BENCH_AV_M,2016-10-31 06:30:00+08:00,190860,190860,54052,1919,620,620,424,424,31,0,83765,0,53043,52133,1299,0,196,0,393
BENCH_AV_M,2016-10-31 06:45:00+08:00,328039,328039,128973,4421,833,833,336,336,32,0,122766,0,76300,124552,3588,0,497,0,304
BENCH_AV_M,2016-10-31 07:00:00+08:00,372493,372493,143352,12604,1540,1540,364,364,45,0,162439,0,66702,130748,11064,0,1176,0,319
BENCH_AV_M,2016-10-31 07:15:00+08:00,479698,479698,179633,34574,3676,3676,253,253,56,0,205409,0,94656,145059,30898,0,3423,0,197
BENCH_AV_M,2016-10-31 07:30:00+08:00,504470,504470,231132,77689,6489,6489,277,277,60,0,158788,0,114550,153443,71200,0,6212,0,217
BENCH_AV_M,2016-10-31 07:45:00+08:00,543779,543779,215069,80714,6609,6609,201,201,48,0,228387,0,100323,134355,74105,0,6408,0,153
BENCH_AV_M,2016-10-31 08:00:00+08:00,638216,638216,270692,112752,8675,8675,202,202,51,0,273410,0,94114,157940,104077,0,8473,0,151
BENCH_AV_M,2016-10-31 08:15:00+08:00,823844,823844,370899,146374,11949,11949,302,302,65,0,312999,0,139946,224525,134425,0,11647,0,237
BENCH_AV_M,2016-10-31 08:30:00+08:00,868420,868420,309895,91967,8591,8591,364,364,77,0,391743,0,166782,217928,83376,0,8227,0,287
BENCH_AV_M,2016-10-31 08:45:00+08:00,899931,899931,364882,117027,10606,10606,490,490,88,0,381029,0,154020,247855,106421,0,10116,0,402
BENCH_AV_M,2016-10-31 09:00:00+08:00,1033764,1033764,399647,132151,12586,12586,660,660,101,0,399623,0,234494,267496,119565,0,11926,0,559
BENCH_AV_M,2016-10-31 09:15:00+08:00,1011538,1011538,371407,126949,11501,11501,551,551,76,0,414971,0,225160,244458,115448,0,10950,0,475
BENCH_AV_M,2016-10-31 09:30:00+08:00,959110,959110,385753,95477,8805,8805,596,596,79,0,381333,0,192024,290276,86672,0,8209,0,517
BENCH_AV_M,2016-10-31 09:45:00+08:00,926320,926320,333483,139517,12359,12359,597,597,88,0,415439,0,177398,193966,127158,0,11762,0,509
BENCH_AV_M,2016-10-31 10:00:00+08:00,965957,965957,394808,147289,12522,12522,374,374,67,0,333263,0,237886,247519,134767,0,12148,0,307
BENCH_AV_M,2016-10-31 10:15:00+08:00,937332,937332,377761,135641,12030,12030,418,418,69,0,352386,0,207185,242120,123611,0,11612,0,349
BENCH_AV_M,2016-10-31 10:30:00+08:00,956830,956830,394022,152758,12342,12342,347,347,56,0,362752,0,200056,241264,140416,0,11995,0,291
BENCH_AV_M,2016-10-31 10:45:00+08:00,928715,928715,398791,136478,11855,11855,462,462,76,0,386328,0,143596,262313,124623,0,11393,0,386
BENCH_AV_M,2016-10-31 11:00:00+08:00,895495,895495,374502,149369,11779,11779,508,508,83,0,343264,0,177729,225133,137590,0,11271,0,425
BENCH_AV_M,2016-10-31 11:15:00+08:00,903721,903721,382504,136001,11042,11042,589,589,73,0,333686,0,187531,246503,124959,0,10453,0,516
BENCH_AV_M,2016-10-31 11:30:00+08:00,1059627,1059627,386747,109070,9463,9463,441,441,66,0,430466,0,242414,277677,99607,0,9022,0,375
BENCH_AV_M,2016-10-31 11:45:00+08:00,1057261,1057261,417715,164406,13516,13516,352,352,65,0,416375,0,223171,253309,150890,0,13164,0,287
BENCH_AV_M,2016-10-31 12:00:00+08:00,1033352,1033352,439633,161318,13471,13471,386,386,75,0,367244,0,226475,278315,147847,0,13085,0,311
BENCH_AV_M,2016-10-31 12:15:00+08:00,985228,985228,450602,202272,16070,16070,630,630,98,0,341000,0,193626,248330,186202,0,15440,0,532
BENCH_AV_M,2016-10-31 12:30:00+08:00,948278,948278,403300,124584,9689,9689,403,403,72,0,382584,0,162394,278716,114895,0,9286,0,331
BENCH_AV_M,2016-10-31 12:45:00+08:00,849392,849392,340397,106728,8978,8978,483,483,77,0,347292,0,161703,233669,97750,0,8495,0,406
BENCH_AV_M,2016-10-31 13:00:00+08:00,952678,952678,365408,124727,10607,10607,515,515,72,0,405941,0,181329,240681,114120,0,10092,0,443
BENCH_AV_M,2016-10-31 13:15:00+08:00,986208,986208,380006,147296,11665,11665,525,525,80,0,400307,0,205895,232710,135631,0,11140,0,445
BENCH_AV_M,2016-10-31 13:30:00+08:00,1119113,1119113,501581,186325,14635,14635,413,413,68,0,422855,0,194677,315256,171690,0,14222,0,345
BENCH_AV_M,2016-10-31 13:45:00+08:00,1150520,1150520,520774,210135,15982,15982,340,340,68,0,416408,0,213338,310639,194153,0,15642,0,272
BENCH_AV_M,2016-10-31 14:00:00+08:00,1173474,1173474,515483,241471,18401,18401,313,313,50,0,423734,0,234257,274012,223070,0,18088,0,263
BENCH_AV_M,2016-10-31 14:15:00+08:00,1245405,1245405,511549,227018,17765,17765,481,481,73,0,464377,0,269479,284531,209253,0,17284,0,408
BENCH_AV_M,2016-10-31 14:30:00+08:00,1140664,1140664,472464,210770,16690,16690,275,275,63,0,460612,0,207588,261694,194080,0,16415,0,212
BENCH_AV_M,2016-10-31 14:45:00+08:00,1212813,1212813,480303,224378,16966,16966,283,283,49,0,484649,0,247861,255925,207412,0,16683,0,234
BENCH_AV_M,2016-10-31 15:00:00+08:00,1278998,1278998,503812,235298,17755,17755,342,342,56,0,509240,0,265946,268514,217543,0,17413,0,286
BENCH_AV_M,2016-10-31 15:15:00+08:00,1265344,1265344,593255,264245,20140,20140,243,243,60,0,430950,0,241139,329010,244105,0,19897,0,183
BENCH_AV_M,2016-10-31 15:30:00+08:00,1275150,1275150,545578,257902,18793,18793,286,286,61,0,499671,0,229901,287676,239109,0,18507,0,225
BENCH_AV_M,2016-10-31 15:45:00+08:00,1378189,1378189,543217,259265,19757,19757,385,385,79,0,525785,0,309187,283952,239508,0,19372,0,306
BENCH_AV_M,2016-10-31 16:00:00+08:00,1320885,1320885,576306,281496,21189,21189,346,346,74,0,492641,0,251938,294810,260307,0,20843,0,272
BENCH_AV_M,2016-10-31 16:15:00+08:00,1256421,1256421,532519,252295,17772,17772,240,240,63,0,477254,0,246648,280224,234523,0,17532,0,177
BENCH_AV_M,2016-10-31 16:30:00+08:00,1193572,1193572,502125,220001,16321,16321,217,217,67,0,429973,0,261474,282124,203680,0,16104,0,150
BENCH_AV_M,2016-10-31 16:45:00+08:00,1223322,1223322,518094,249772,18884,18884,169,169,54,0,470258,0,234970,268322,230888,0,18715,0,115
BENCH_AV_M,2016-10-31 17:00:00+08:00,1337562,1337562,593296,270837,18691,18691,206,206,45,0,481465,0,262801,322459,252146,0,18485,0,161
BENCH_AV_M,2016-10-31 17:15:00+08:00,1241532,1241532,581541,277549,18563,18563,171,171,39,0,440699,0,219292,303992,258986,0,18392,0,132
BENCH_AV_M,2016-10-31 17:30:00+08:00,1117341,1117341,500116,269842,18080,18080,195,195,40,0,395056,0,222169,230274,251762,0,17885,0,155
BENCH_AV_M,2016-10-31 17:45:00+08:00,1289358,1289358,617242,318709,21928,21928,55,55,36,0,454358,0,217758,298533,296781,0,21873,0,19
BENCH_AV_M,2016-10-31 18:00:00+08:00,1203294,1203294,571466,295233,20830,20830,117,117,31,0,437572,0,194256,276233,274403,0,20713,0,86
BENCH_AV_M,2016-10-31 18:15:00+08:00,1095926,1095926,541213,239232,16291,16291,56,56,28,0,341036,0,213677,301981,222941,0,16235,0,28
BENCH_AV_M,2016-10-31 18:30:00+08:00,1161585,1161585,616801,311815,22204,22204,102,102,33,0,357781,0,187003,304986,289611,0,22102,0,69
BENCH_AV_M,2016-10-31 18:45:00+08:00,1348499,1348499,631296,339576,22923,22923,128,128,40,0,446041,0,271162,291720,316653,0,22795,0,88
BENCH_AV_M,2016-10-31 19:00:00+08:00,1457328,1457328,765027,401192,27550,27550,270,270,52,0,461815,0,230486,363835,373642,0,27280,0,218
BENCH_AV_M,2016-10-31 19:15:00+08:00,1416385,1416385,722955,336538,23413,23413,193,193,54,0,444577,0,248853,386417,313125,0,23220,0,139
BENCH_AV_M,2016-10-31 19:30:00+08:00,1459070,1459070,693097,311765,23108,23108,301,301,72,0,485087,0,280886,381332,288657,0,22807,0,229
BENCH_AV_M,2016-10-31 19:45:00+08:00,1318742,1318742,650342,321619,22748,22748,192,192,61,0,415489,0,252911,328723,298871,0,22556,0,131
BENCH_AV_M,2016-10-31 20:00:00+08:00,1167753,1167753,501241,252897,18297,18297,246,246,61,0,425515,0,240997,248344,234600,0,18051,0,185
BENCH_AV_M,2016-10-31 20:15:00+08:00,1083438,1083438,468016,207997,15313,15313,335,335,72,0,396728,0,218694,260019,192684,0,14978,0,263
BENCH_AV_M,2016-10-31 20:30:00+08:00,1167608,1167608,550992,234171,17205,17205,205,205,49,0,423819,0,192797,316821,216966,0,17000,0,156
BENCH_AV_M,2016-10-31 20:45:00+08:00,1224986,1224986,570899,255560,18460,18460,225,225,64,0,432921,0,221166,315339,237100,0,18235,0,161
BENCH_AV_M,2016-10-31 21:00:00+08:00,1273933,1273933,599253,300783,20650,20650,174,174,55,0,440365,0,234315,298470,280133,0,20476,0,119
BENCH_AV_M,2016-10-31 21:15:00+08:00,1283477,1283477,582316,240530,16482,16482,226,226,56,0,425997,0,275164,341786,224048,0,16256,0,170
BENCH_AV_M,2016-10-31 21:30:00+08:00,1214296,1214296,631018,321720,22264,22264,318,318,64,0,363366,0,219912,309298,299456,0,21946,0,254
BENCH_AV_M,2016-10-31 21:45:00+08:00,1232487,1232487,601615,220094,16727,16727,235,235,64,0,433366,0,197506,381521,203367,0,16492,0,171
BENCH_AV_M,2016-10-31 22:00:00+08:00,1239370,1239370,616597,258060,17844,17844,186,186,54,0,419873,0,202900,358537,240216,0,17658,0,132
BENCH_AV_M,2016-10-31 22:15:00+08:00,1007203,1007203,473643,204717,14410,14410,186,186,42,0,332975,0,200585,268926,190307,0,14224,0,144
BENCH_AV_M,2016-10-31 22:30:00+08:00,896802,896802,433242,177621,12233,12233,393,393,64,0,327146,0,136414,255621,165388,0,11840,0,329
BENCH_AV_M,2016-10-31 22:45:00+08:00,830035,830035,344510,130135,9292,9292,216,216,48,0,285380,0,200145,214375,120843,0,9076,0,168
BENCH_AV_M,2016-10-31 23:00:00+08:00,683444,683444,323029,112391,7618,7618,168,168,36,0,261632,0,98783,210638,104773,0,7450,0,132
BENCH_AV_M,2016-10-31 23:15:00+08:00,625249,625249,256908,96070,6716,6716,297,297,49,0,254118,0,114223,160838,89354,0,6419,0,248
BENCH_AV_M,2016-10-31 23:30:00+08:00,527679,527679,196234,85629,5864,5864,210,210,43,0,215297,0,116148,110605,79765,0,5654,0,167
BENCH_AV_M,2016-10-31 23:45:00+08:00,538077,538077,227925,100482,6717,6717,322,322,50,0,210899,0,99253,127443,93765,0,6395,0,272
BENCH_AV_M,2016-11-01 00:00:00+08:00,64105,64105,49944,38168,1846,1846,20,20,2,0,5233,0,8928,11776,36322,0,1826,0,18
