scenario_id,experiment_block,execution_commit,S5B_registry_commit,FleetPy_commit,scenario_config_sha256,execution_timestamp,execution_end_timestamp,horizon_start,horizon_end,H_base_exact,profile_id,gamma_policy,acceptance_seed,request_count,matched,completed,patience_expired,service_rate,first_window_match_rate,carry_over_entry_rate,carry_over_recovery_rate,critical_recovery,critical_order_count,request_to_pickup_mean,request_to_pickup_p50,request_to_pickup_p90,request_to_pickup_p95,HV_assignments,AV_assignments,HV_assignment_share,AV_assignment_share,requested_q_A,achieved_q_A,AV_vehicle_count,target_HV_vehicle_hours,achieved_HV_vehicle_hours,HV_vehicle_hour_error_pct,selected_HV_session_count,target_p_A,accepted_order_count,realized_accepted_order_share,mean_attempts,expanded_radius_match_share,normalized_operating_cost_total,normalized_operating_cost_per_matched_order,HV_equivalent_operating_seconds,pickup_ETA_objective_value,relative_pickup_ETA_degradation_vs_epsilon_0_reference,cost_enabled,eta_cost_av_to_hv,pickup_cost_epsilon,benchmark_flag,scientific_role,mean_assigned_exposure_static,positive_assigned_exposure_share_static,final_cumulative_mean_exposure_static,maximum_cumulative_mean_exposure_static,binding_epoch_count_static,near_binding_epoch_count_static,minimum_slack_static,mean_slack_static,mean_assigned_exposure_dynamic,positive_assigned_exposure_share_dynamic,final_cumulative_mean_exposure_dynamic,maximum_cumulative_mean_exposure_dynamic,binding_epoch_count_dynamic,near_binding_epoch_count_dynamic,minimum_slack_dynamic,mean_slack_dynamic,mean_assigned_exposure_speed,positive_assigned_exposure_share_speed,final_cumulative_mean_exposure_speed,maximum_cumulative_mean_exposure_speed,binding_epoch_count_speed,near_binding_epoch_count_speed,minimum_slack_speed,mean_slack_speed,reuse_source_scenario_id,runtime_dispatch_epoch_count,runtime_waiting_orders_mean,runtime_waiting_orders_max,runtime_available_vehicles_mean,runtime_available_vehicles_max,runtime_candidate_spatial_pairs,runtime_candidate_topk_pairs,runtime_valid_or_arcs,runtime_peak_topk_pairs_per_epoch,runtime_peak_valid_or_arcs_per_epoch,runtime_assignment_matrix_representation,runtime_gpu_usage,runtime_candidate_reduction_ratio,runtime_matrix_batch_queries,runtime_uncached_arc_evaluations,runtime_arc_cache_hits,runtime_arc_cache_hit_rate,runtime_matrix_failed_arcs,runtime_matrix_arc_failure_rate,runtime_route_fallback_attempts,runtime_route_fallback_successes,runtime_route_fallback_failures,runtime_failed_routing_arcs,runtime_arc_failure_rate,runtime_candidate_generation_time_s,runtime_routing_time_s,runtime_solver_time_s,runtime_fleetpy_time_s,runtime_total_runtime_s,runtime_solver_time_p50,runtime_solver_time_p95,runtime_solver_time_max,runtime_wall_clock_runtime_s,runtime_peak_rss_mb,runtime_enabled_gamma_constraint_count,runtime_cost_level_solve_count
MAIN_Q25_C_P40,MAIN_STRUCTURAL,6b6d3410fadc80a25d60a4affc9a439c71c3f174,b82cd3fda60a39c7474de49bdf4f205850a6725d,0379f9725a147ff33c674de4884cdf89fd787fa9,03fce2a9f150333dd0d12d4b81d135f2562070f07023f3cd94bfb1f38838ba49,2026-08-27T20:13:32.810462+08:00,2026-08-27T20:57:59.751748+08:00,2016-10-31T00:00:00+08:00,2016-11-01T00:01:00+08:00,12279.336388888889,C,UNCONSTRAINED,20260827,30000,21597,21597,8403,0.7199,0.5982333333333333,0.40176666666666666,0.3028291711607069,0.010247349823321554,8490,163.69549540014816,175.781818,278.8369372,289.90006539999996,20927,670,0.9689771727554753,0.031022827244524702,0.25,0.25017638597959885,128,9207.336388888889,9265.3875,0.6304875662104189,6314,0.4,12033,0.4011,3.8820333333333332,0.16900495439181368,13949704.109946351,645.9093443508983,13949704.109946351,2903312.623680707,,False,1.0,0.0,False,mixed_fleet_transition,7.849941956882255,0.917910447761194,7.849941956882256,9.977777777777778,,,,,0.4275196810720416,0.7925373134328358,0.42751968107204136,0.6549703368888269,,,,,0.12238805970149258,0.7208955223880597,0.12238805970149269,0.16666666666666674,,,,,,2893,40.25613549948151,111,310.4006221914967,491,15800666,2190586,75154,2163,124,CSR_SPARSE_ARCS_ONLY,NONE_CPU_ONLY,0.861361160346026,106943,1433453,757133,0.3456303473134586,0,0.0,0,0,0,0,0.0,875.2696618996197,1618.270931400104,28.364116199802083,144.99524880047102,2666.899958299997,0.004506500001298264,0.04017797999986216,0.09396720000222558,2666.899958299997,1311.55859375,0,0
MAIN_Q25_C_P70,MAIN_STRUCTURAL,6b6d3410fadc80a25d60a4affc9a439c71c3f174,b82cd3fda60a39c7474de49bdf4f205850a6725d,0379f9725a147ff33c674de4884cdf89fd787fa9,601caef415dfe808c3bd2f3e64a0d714fdfcfcfe72c623fbc5043f445771473d,2026-08-27T20:13:32.726837+08:00,2026-08-27T20:57:52.302810+08:00,2016-10-31T00:00:00+08:00,2016-11-01T00:01:00+08:00,12279.336388888889,C,UNCONSTRAINED,20260827,30000,21648,21648,8352,0.7216,0.6005333333333334,0.3994666666666667,0.3030707610146863,0.00878234037502967,8426,162.4754293893662,173.94914749999998,278.3319498,289.3800095,20729,919,0.9575480413895048,0.042451958610495194,0.25,0.25017638597959885,128,9207.336388888889,9265.3875,0.6304875662104189,6314,0.7,21031,0.7010333333333333,3.8726666666666665,0.16777531411677754,13942610.297992444,644.0599731149503,13942610.297992444,2879414.1049590097,,False,1.0,0.0,False,mixed_fleet_transition,7.653137468262604,0.926006528835691,7.653137468262608,10.053846153846154,,,,,0.40098960510487874,0.794341675734494,0.4009896051048787,0.6445251191930628,,,,,0.12132752992383031,0.720348204570185,0.12132752992383103,0.16666666666666674,,,,,,2893,40.15900449360525,118,310.3059108192188,499,16260971,2194675,77749,2309,128,CSR_SPARSE_ARCS_ONLY,NONE_CPU_ONLY,0.8650341975273186,107037,1437894,756781,0.3448259992937451,0,0.0,0,0,0,0,0.0,883.2659620014165,1597.7915224986064,29.027890700192074,149.44735189978383,2659.5327270999987,0.00450700000510551,0.0398248000012245,0.09292599999753293,2659.5327270999987,1325.97265625,0,0
MAIN_Q25_C_P100,MAIN_STRUCTURAL,6b6d3410fadc80a25d60a4affc9a439c71c3f174,b82cd3fda60a39c7474de49bdf4f205850a6725d,0379f9725a147ff33c674de4884cdf89fd787fa9,8b49e4433551e09ed885e3d44311e22c22424ce52ad788c628e7e43091a62f74,2026-08-27T20:58:34.700201+08:00,2026-08-27T21:25:02.216771+08:00,2016-10-31T00:00:00+08:00,2016-11-01T00:01:00+08:00,12279.336388888889,C,UNCONSTRAINED,20260827,30000,21755,21755,8245,0.7251666666666666,0.6057333333333333,0.39426666666666665,0.302925262089956,0.007941282637468416,8311,163.62190967717765,175.689527,279.4567776,290.0,20645,1110,0.9489772466099747,0.05102275339002528,0.25,0.25017638597959885,128,9207.336388888889,9265.3875,0.6304875662104189,6314,1.0,30000,1.0,3.8337333333333334,0.16469777062744198,14026970.982846178,644.7699831232442,14026970.982846178,2925546.6546548894,,False,1.0,0.0,False,mixed_fleet_transition,7.263503503503504,0.936036036036036,7.26350350350351,8.979999999999999,,,,,0.3808593915665164,0.763063063063063,0.3808593915665166,0.8092011237547739,,,,,0.11981981981981987,0.7189189189189189,0.11981981981982046,0.16666666666666674,,,,,,2893,39.75527134462496,113,309.0563428966471,488,16543457,2175200,77807,2191,122,CSR_SPARSE_ARCS_ONLY,NONE_CPU_ONLY,0.8685159939666782,105319,1424491,750709,0.3451218278778963,0,0.0,0,0,0,0,0.0,414.143919499591,1057.6789823002255,17.711851300096896,97.94722880009067,1587.481981900004,0.0038729000007151626,0.02078364000335569,0.03235290000156965,1587.481981900004,1361.66796875,0,0
MAIN_Q25_M_P40,MAIN_STRUCTURAL,6b6d3410fadc80a25d60a4affc9a439c71c3f174,b82cd3fda60a39c7474de49bdf4f205850a6725d,0379f9725a147ff33c674de4884cdf89fd787fa9,0b3f40f27a69c687ec59ead515c29be6f3bbbaa9ab8a4cc9198acad3777289be,2026-08-27T20:58:36.596002+08:00,2026-08-27T21:25:18.586721+08:00,2016-10-31T00:00:00+08:00,2016-11-01T00:01:00+08:00,12279.336388888889,M,UNCONSTRAINED,20260827,30000,21654,21654,8346,0.7218,0.6017,0.3983,0.3015315089128797,0.009846956934393166,8429,163.07908033518058,175.141198,278.776592,289.6579618,20738,916,0.9576983467257781,0.042301653274221855,0.25,0.25017638597959885,128,9207.336388888889,9265.3875,0.6304875662104189,6314,0.4,12033,0.4011,3.8651333333333335,0.16638958160155168,13961506.00555889,644.7541334422689,13961506.00555889,2898633.415099015,,False,1.0,0.0,False,mixed_fleet_transition,2.383153255843822,0.8700873362445415,2.3831532558438235,3.476470588235294,,,,,0.15987205838201116,0.4836244541484716,0.1598720583820111,0.2994903924532548,,,,,0.0004776200873362445,0.001091703056768559,0.0004776200873362445,0.0026355421686746986,,,,,,2893,40.08088489457311,115,310.00795022468026,497,16168868,2188332,76850,2248,127,CSR_SPARSE_ARCS_ONLY,NONE_CPU_ONLY,0.864657686611085,106269,1433044,755288,0.34514324151911135,0,0.0,0,0,0,0,0.0,411.7978979990148,1074.1453753013484,18.674945100305195,97.33800869932747,1601.9562270999959,0.003918599999451544,0.02146326000074623,0.09280539999599569,1601.9562270999959,1365.75390625,0,0
MAIN_Q25_M_P70,MAIN_STRUCTURAL,6b6d3410fadc80a25d60a4affc9a439c71c3f174,b82cd3fda60a39c7474de49bdf4f205850a6725d,0379f9725a147ff33c674de4884cdf89fd787fa9,a64dc8166c538aac4f26e0b651fe1dbef814b31a1803a310d25074ac73feaf1e,2026-08-27T19:10:54.267130+08:00,2026-08-27T19:36:17.501516+08:00,2016-10-31T00:00:00+08:00,2016-11-01T00:01:00+08:00,12279.336388888889,M,UNCONSTRAINED,20260827,30000,21891,21891,8109,0.7297,0.6131,0.3869,0.3013698630136986,0.010010987669393236,8191,162.13058968991822,173.740737,278.77198,289.748246,20704,1187,0.9457768032524781,0.05422319674752181,0.25,0.25017638597959885,128,9207.336388888889,9265.3875,0.6304875662104189,6314,0.7,21031,0.7010333333333333,3.785066666666667,0.15979169521721256,14099520.923010228,644.0784305426992,14099520.923010228,2920619.748530818,,False,1.0,0.0,False,mixed_fleet_transition,2.464865701967392,0.8694187026116259,2.4648657019673923,3.476470588235294,,,,,0.15064474664126687,0.4903117101937658,0.15064474664126679,0.32900823223197795,,,,,0.0,0.0,0.0,0.0,,,,,,2893,39.25060490839959,112,308.26028344279297,494,16492350,2152956,79999,2179,126,CSR_SPARSE_ARCS_ONLY,NONE_CPU_ONLY,0.8694572938362332,104047,1412972,739984,0.3437060487998826,0,0.0,0,0,0,0,0.0,400.980095899984,1007.6579317998912,17.668517100333702,96.8777675997917,1523.1843124000006,0.0038194000007933937,0.02072757999849273,0.030733200001122896,1523.1843124000006,1360.91796875,0,0
MAIN_Q25_M_P100,MAIN_STRUCTURAL,6b6d3410fadc80a25d60a4affc9a439c71c3f174,b82cd3fda60a39c7474de49bdf4f205850a6725d,0379f9725a147ff33c674de4884cdf89fd787fa9,6621667ab4aab4338a73c0e51c61403daa03ee9b71f8ab275f943923580f51f0,2026-08-28T00:23:22.252335+08:00,2026-08-28T01:09:17.047391+08:00,2016-10-31T00:00:00+08:00,2016-11-01T00:01:00+08:00,12279.336388888889,M,UNCONSTRAINED,20260827,30000,21916,21916,8084,0.7305333333333334,0.6112333333333333,0.38876666666666665,0.30686787276001026,0.008949368640431532,8157,162.30833824561964,173.9392985,277.930192,289.432843,20545,1371,0.9374429640445336,0.06255703595546633,0.25,0.25017638597959885,128,9207.336388888889,9265.3875,0.6304875662104189,6314,1.0,30000,1.0,3.7802333333333333,0.16330534769118452,14106759.710273024,643.674014887435,14106759.710273024,2925666.5506466962,,False,1.0,0.0,False,mixed_fleet_transition,2.3517298093562733,0.8774617067833698,2.351729809356272,3.6029411764705883,,,,,0.1563734981625016,0.49307075127644057,0.15637349816250154,0.3576844103454523,,,,,0.0,0.0,0.0,0.0,,,,,,2893,39.20048392671967,113,308.7061873487729,496,17168879,2154812,80712,2212,127,CSR_SPARSE_ARCS_ONLY,NONE_CPU_ONLY,0.8744931454173566,103559,1415176,739636,0.34324850613417784,0,0.0,0,0,0,0,0.0,955.3232967987569,1607.1855541013283,30.493757199968968,161.69767669994326,2754.7002847999975,0.004569899996567983,0.04440044000220951,0.10576929999660933,2754.7002847999975,1361.3984375,0,0
MAIN_Q25_A_P40,MAIN_STRUCTURAL,6b6d3410fadc80a25d60a4affc9a439c71c3f174,b82cd3fda60a39c7474de49bdf4f205850a6725d,0379f9725a147ff33c674de4884cdf89fd787fa9,3af5350ac83382e458535b6ddf5587ca87d0cfc18fe6f07cec0c9822ab987fa2,2026-08-28T00:23:22.223661+08:00,2026-08-28T01:10:53.524764+08:00,2016-10-31T00:00:00+08:00,2016-11-01T00:01:00+08:00,12279.336388888889,A,UNCONSTRAINED,20260827,30000,21668,21668,8332,0.7222666666666666,0.6058333333333333,0.39416666666666667,0.2953911205073996,0.010216203373722975,8418,162.73265117325087,174.6381715,278.1564714,289.34749635,20718,950,0.9561565442126638,0.043843455787336165,0.25,0.25017638597959885,128,9207.336388888889,9265.3875,0.6304875662104189,6314,0.4,12033,0.4011,3.855166666666667,0.16120546427912127,13964893.465688072,644.4938834081628,13964893.465688072,2898576.0951812295,,False,1.0,0.0,False,mixed_fleet_transition,0.9148288071777618,0.6768421052631579,0.9148288071777627,1.1680365296803652,,,,,0.0366254848278556,0.19894736842105262,0.03662548482785559,0.19562589373865302,,,,,0.0,0.0,0.0,0.0,,,,,,2893,39.97753197372969,115,310.1973729692361,490,16287965,2185691,77981,2245,129,CSR_SPARSE_ARCS_ONLY,NONE_CPU_ONLY,0.865809448878359,105998,1430567,755124,0.34548524928729635,0,0.0,0,0,0,0,0.0,965.187744398092,1685.013128501996,30.887267099984456,170.1324782999218,2851.2206182999944,0.004699399993114639,0.04489510000275914,0.09351020000030985,2851.2206182999944,1364.578125,0,0
MAIN_Q25_A_P70,MAIN_STRUCTURAL,6b6d3410fadc80a25d60a4affc9a439c71c3f174,b82cd3fda60a39c7474de49bdf4f205850a6725d,0379f9725a147ff33c674de4884cdf89fd787fa9,5648b9943dc731b2a57933e4c3edced1be80ebc93dcb4e134d00a7481cf21e8d,2026-08-28T01:12:32.243681+08:00,2026-08-28T01:55:42.038585+08:00,2016-10-31T00:00:00+08:00,2016-11-01T00:01:00+08:00,12279.336388888889,A,UNCONSTRAINED,20260827,30000,21903,21903,8097,0.7301,0.6158,0.3842,0.29750130140551795,0.0097835391953039,8177,161.80530087321372,173.504763,278.14031639999996,289.5616422,20674,1229,0.943888964981966,0.05611103501803406,0.25,0.25017638597959885,128,9207.336388888889,9265.3875,0.6304875662104189,6314,0.7,21031,0.7010333333333333,3.7798666666666665,0.15655389672647582,14114057.213043235,644.3892258157894,14114057.213043235,2916568.5146575705,,False,1.0,0.0,False,mixed_fleet_transition,0.9471515989165934,0.6493083807973963,0.9471515989165936,1.1836631151699646,,,,,0.03678597854836049,0.1887713588283157,0.0367859785483605,0.19562589373865302,,,,,0.0,0.0,0.0,0.0,,,,,,2893,39.19668164535085,109,308.272035948842,495,16534242,2149303,81101,2129,126,CSR_SPARSE_ARCS_ONLY,NONE_CPU_ONLY,0.8700089789420041,103592,1410606,738697,0.3436914199626577,0,0.0,0,0,0,0,0.0,985.2069603989075,1404.2846320010576,29.360428500069247,170.9024794999641,2589.7545003999985,0.00587939999968512,0.03526986000215402,0.15274930000305176,2589.7545003999985,1356.1640625,0,0
MAIN_Q25_A_P100,MAIN_STRUCTURAL,6b6d3410fadc80a25d60a4affc9a439c71c3f174,b82cd3fda60a39c7474de49bdf4f205850a6725d,0379f9725a147ff33c674de4884cdf89fd787fa9,31ca6765340ac1dfc94efedbd855c6a4aba05a445742b9d51e340a61b6106dca,2026-08-28T01:12:34.550501+08:00,2026-08-28T01:55:40.805151+08:00,2016-10-31T00:00:00+08:00,2016-11-01T00:01:00+08:00,12279.336388888889,A,UNCONSTRAINED,20260827,30000,21928,21928,8072,0.7309333333333333,0.6138666666666667,0.38613333333333333,0.3031767955801105,0.009692062323641271,8151,162.40164153397484,174.5666685,278.2660483,289.36685654999997,20435,1493,0.9319135352061292,0.06808646479387084,0.25,0.25017638597959885,128,9207.336388888889,9265.3875,0.6304875662104189,6314,1.0,30000,1.0,3.774766666666667,0.1601605253557096,14105604.02594731,643.2690635692863,14105604.02594731,2931466.205194443,,False,1.0,0.0,False,mixed_fleet_transition,0.8536283274254997,0.6282652377762894,0.8536283274255007,1.257990867579909,,,,,0.03173391136799528,0.17280643000669793,0.031733911367995284,0.19562589373865302,,,,,0.0,0.0,0.0,0.0,,,,,,2893,39.14379536812997,114,308.3346007604563,499,17328287,2155435,81230,2231,122,CSR_SPARSE_ARCS_ONLY,NONE_CPU_ONLY,0.8756117670488721,103304,1415486,739949,0.3432945089970238,0,0.0,0,0,0,0,0.0,1000.6984584000384,1386.0684010002005,29.429710600234102,170.0174666995299,2586.214036700003,0.0058759000021382235,0.03686031999677653,0.10346420000132639,2586.214036700003,1359.2109375,0,0
MAIN_Q50_C_P40,MAIN_STRUCTURAL,6b6d3410fadc80a25d60a4affc9a439c71c3f174,b82cd3fda60a39c7474de49bdf4f205850a6725d,0379f9725a147ff33c674de4884cdf89fd787fa9,cfa9e392d2aa262d9cab1a45dc3b164f5cbd3e6d2d1a5aa6b68f7f3dbe36c2f4,2026-08-28T01:56:13.253399+08:00,2026-08-28T02:28:31.658192+08:00,2016-10-31T00:00:00+08:00,2016-11-01T00:01:00+08:00,12279.336388888889,C,UNCONSTRAINED,20260827,30000,17457,17457,12543,0.5819,0.4339,0.5661,0.26143790849673204,0.0076740506329113925,12640,178.65222652975885,196.274958,283.262433,291.9648606,16390,1067,0.9388783868935098,0.06112161310649023,0.5,0.5003527719591977,256,6135.336388888889,6154.377777777778,0.31035606985417846,4188,0.4,12033,0.4011,5.223033333333333,0.2543392335452827,11222365.297813583,642.8576100024966,11222365.297813583,2457517.92646474,,False,1.0,0.0,False,mixed_fleet_transition,7.422560658127669,0.9250234301780693,7.422560658127684,9.977777777777778,,,,,0.402925597755523,0.781630740393627,0.402925597755523,0.6794026925044111,,,,,0.11551077788191196,0.6888472352389878,0.11551077788191265,0.16666666666666674,,,,,,2893,54.16211545108884,135,349.34462495679225,471,12891859,2811277,45372,2584,81,CSR_SPARSE_ARCS_ONLY,NONE_CPU_ONLY,0.7819339321039736,146117,1777624,1033653,0.36768095068540024,0,0.0,0,0,0,0,0.0,308.4271627006601,1550.5738081994277,13.918997699889587,65.45218810002552,1938.372156700003,0.0033970000004046597,0.01864395999728004,0.025581900001270697,1938.372156700003,1550.1015625,0,0
MAIN_Q50_C_P70,MAIN_STRUCTURAL,6b6d3410fadc80a25d60a4affc9a439c71c3f174,b82cd3fda60a39c7474de49bdf4f205850a6725d,0379f9725a147ff33c674de4884cdf89fd787fa9,ece08a2cbd05f11d6b3fbb08034ba5c083480ad1806877831f2d5e45ad958da5,2026-08-28T01:56:13.342913+08:00,2026-08-28T02:27:51.230983+08:00,2016-10-31T00:00:00+08:00,2016-11-01T00:01:00+08:00,12279.336388888889,C,UNCONSTRAINED,20260827,30000,17748,17748,12252,0.5916,0.4478666666666667,0.5521333333333334,0.26032359333494326,0.007935222672064778,12350,177.26199856186614,194.31211150000001,283.0,291.6265886,16137,1611,0.9092292089249493,0.0907707910750507,0.5,0.5003527719591977,256,6135.336388888889,6154.377777777778,0.31035606985417846,4188,0.7,21031,0.7010333333333333,5.1247,0.24295695289610098,11378143.859105852,641.0944252369761,11378143.859105852,2492046.958525716,,False,1.0,0.0,False,mixed_fleet_transition,7.2576143182288435,0.9224084419615146,7.257614318228862,10.053846153846154,,,,,0.38442610033295743,0.7721911855990068,0.3844261003329574,0.6915983823478672,,,,,0.11788744051313889,0.7045313469894475,0.11788744051313826,0.16666666666666674,,,,,,2893,53.14241272035949,127,347.1351538195645,476,13609875,2775657,48862,2420,109,CSR_SPARSE_ARCS_ONLY,NONE_CPU_ONLY,0.7960556581158902,143122,1756409,1019248,0.36720963721382,0,0.0,0,0,0,0,0.0,311.90115319986216,1506.624440500258,13.711353500046243,65.61643519983772,1897.8533824000042,0.0034082999991369434,0.01784943999809912,0.029068100004224107,1897.8533824000042,1535.50390625,0,0
MAIN_Q50_C_P100,MAIN_STRUCTURAL,6b6d3410fadc80a25d60a4affc9a439c71c3f174,b82cd3fda60a39c7474de49bdf4f205850a6725d,0379f9725a147ff33c674de4884cdf89fd787fa9,04ff99727571296b0fc371f3745bdc2b2b1431dd1fffa01655bca0c4a35569ed,2026-08-28T02:28:59.350340+08:00,2026-08-28T03:01:49.622227+08:00,2016-10-31T00:00:00+08:00,2016-11-01T00:01:00+08:00,12279.336388888889,C,UNCONSTRAINED,20260827,30000,17824,17824,12176,0.5941333333333333,0.4543,0.5457,0.2562458005008857,0.007580079876110523,12269,176.82130737808575,193.6733335,282.6228003,291.5451873999999,15807,2017,0.8868379712746858,0.11316202872531418,0.5,0.5003527719591977,256,6135.336388888889,6154.377777777778,0.31035606985417846,4188,1.0,30000,1.0,5.088766666666666,0.2353568222621185,11413015.683085863,640.317307174925,11413015.683085863,2507976.990745105,,False,1.0,0.0,False,mixed_fleet_transition,7.1699058006941,0.9286068418443233,7.1699058006941145,9.143589743589743,,,,,0.3907606703504065,0.7689638076351016,0.3907606703504073,0.8092011237547739,,,,,0.12084779375309872,0.7238472979672781,0.12084779375309777,0.16666666666666674,,,,,,2893,52.769789146215004,135,346.75630833045284,474,14835459,2769030,51310,2559,96,CSR_SPARSE_ARCS_ONLY,NONE_CPU_ONLY,0.8133505677175206,141368,1750214,1018816,0.3679324528806116,0,0.0,0,0,0,0,0.0,335.88883450125286,1551.067051998827,14.434886400034884,68.84493669988296,1970.2357095999978,0.0035978000014438294,0.018603899996378463,0.029656099999556318,1970.2357095999978,1510.3671875,0,0
MAIN_Q50_M_P40,MAIN_STRUCTURAL,6b6d3410fadc80a25d60a4affc9a439c71c3f174,b82cd3fda60a39c7474de49bdf4f205850a6725d,0379f9725a147ff33c674de4884cdf89fd787fa9,83f8232c67435029bf0e316971e2ed323e3fdbc7f669925de3e47df9655525c1,2026-08-28T02:29:01.228820+08:00,2026-08-28T03:02:16.832617+08:00,2016-10-31T00:00:00+08:00,2016-11-01T00:01:00+08:00,12279.336388888889,M,UNCONSTRAINED,20260827,30000,17667,17667,12333,0.5889,0.4456333333333333,0.5543666666666667,0.25843304671998074,0.008202653799758746,12435,178.2218534411049,195.658602,283.5206884,292.1314224,16078,1589,0.9100583007867776,0.0899416992132224,0.5,0.5003527719591977,256,6135.336388888889,6154.377777777778,0.31035606985417846,4188,0.4,12033,0.4011,5.147133333333334,0.2432784287088923,11393905.21583949,644.9258626727509,11393905.21583949,2497241.492728202,,False,1.0,0.0,False,mixed_fleet_transition,2.499507490220758,0.8735053492762744,2.4995074902207532,3.476470588235294,,,,,0.14586960729748866,0.4694776589049717,0.14586960729748874,0.2994903924532548,,,,,0.0005506607929515419,0.0012586532410320957,0.0005506607929515419,0.001910480349344978,,,,,,2893,53.37504320774283,129,346.8091946076737,467,13573576,2781038,47748,2422,95,CSR_SPARSE_ARCS_ONLY,NONE_CPU_ONLY,0.7951138299885012,143268,1756584,1024454,0.36837109021883196,0,0.0,0,0,0,0,0.0,326.15372000067146,1585.4135088993062,14.857535600182018,69.14407079984085,1995.5688353000005,0.0035998999956063926,0.019397740002023055,0.23617689999809954,1995.5688353000005,1506.05859375,0,0
MAIN_Q50_M_P70,MAIN_STRUCTURAL,6b6d3410fadc80a25d60a4affc9a439c71c3f174,b82cd3fda60a39c7474de49bdf4f205850a6725d,0379f9725a147ff33c674de4884cdf89fd787fa9,69e6ff0e51dd600bd258ad72432ee2e56d567cc2ff47650e24396a3d7f8528e6,2026-08-27T19:10:49.390665+08:00,2026-08-27T19:42:24.546680+08:00,2016-10-31T00:00:00+08:00,2016-11-01T00:01:00+08:00,12279.336388888889,M,UNCONSTRAINED,20260827,30000,18133,18133,11867,0.6044333333333334,0.46546666666666664,0.5345333333333333,0.25997755051134946,0.008107656302240054,11964,176.48532348541337,193.5785,282.7665222,291.83945719999997,15926,2207,0.8782882038272762,0.12171179617272376,0.5,0.5003527719591977,256,6135.336388888889,6154.377777777778,0.31035606985417846,4188,0.7,21031,0.7010333333333333,4.995933333333333,0.22991231456460598,11642683.464088148,642.0715526436965,11642683.464088148,2552085.379011887,,False,1.0,0.0,False,mixed_fleet_transition,2.361852772373109,0.8663343905754418,2.361852772373102,3.476470588235294,,,,,0.15184343536644565,0.4725872224739465,0.15184343536644562,0.32900823223197795,,,,,0.0,0.0,0.0,0.0,,,,,,2893,51.80712063601798,124,343.48427238161077,462,14586132,2724596,52397,2358,105,CSR_SPARSE_ARCS_ONLY,NONE_CPU_ONLY,0.8132064072915287,138640,1724514,1000082,0.36705698753136246,0,0.0,0,0,0,0,0.0,326.5994884999527,1486.4303950998365,14.565513899884536,67.51351780032564,1895.1089152999994,0.0035080000016023405,0.018665999999211647,0.02705279999645427,1895.1089152999994,1529.18359375,0,0
MAIN_Q50_M_P100,MAIN_STRUCTURAL,6b6d3410fadc80a25d60a4affc9a439c71c3f174,b82cd3fda60a39c7474de49bdf4f205850a6725d,0379f9725a147ff33c674de4884cdf89fd787fa9,33fbc46d6ca3e5ea695dfc1d40ea834b95a1d3f7281c0c2c6ddb3ed73eb9ea44,2026-08-28T03:02:47.508790+08:00,2026-08-28T03:34:48.621039+08:00,2016-10-31T00:00:00+08:00,2016-11-01T00:01:00+08:00,12279.336388888889,M,UNCONSTRAINED,20260827,30000,18293,18293,11707,0.6097666666666667,0.47213333333333335,0.5278666666666667,0.2607350340995201,0.007376632185857215,11794,176.64777532684633,193.374526,282.81781920000003,291.8858432,15710,2583,0.8587984474935768,0.14120155250642322,0.5,0.5003527719591977,256,6135.336388888889,6154.377777777778,0.31035606985417846,4188,1.0,30000,1.0,4.9379333333333335,0.22571475427759252,11760922.498958945,642.9192860087982,11760922.498958945,2590568.762394073,,False,1.0,0.0,False,mixed_fleet_transition,2.4007627170109234,0.870305845915602,2.400762717010919,3.6029411764705883,,,,,0.15104741945407424,0.4796747967479675,0.15104741945407438,0.3576844103454523,,,,,0.00024196670538133953,0.0007742934572202865,0.00024196670538133953,0.0007046223224351747,,,,,,2893,51.20566885585897,135,342.19702730729347,473,16237948,2707001,54817,2509,97,CSR_SPARSE_ARCS_ONLY,NONE_CPU_ONLY,0.8332916819292684,136704,1715112,991889,0.3664161926796481,0,0.0,0,0,0,0,0.0,347.48458160169685,1489.4419298985813,14.686494799920183,69.45445339979779,1921.067459699996,0.0036459999973885715,0.018923679998260924,0.028891800000565127,1921.067459699996,1499.94140625,0,0
MAIN_Q50_A_P40,MAIN_STRUCTURAL,6b6d3410fadc80a25d60a4affc9a439c71c3f174,b82cd3fda60a39c7474de49bdf4f205850a6725d,0379f9725a147ff33c674de4884cdf89fd787fa9,1864ceea3350bbe763109fd2b5d3b1eada88cb6ba64b3d35756dc36c2bd00e27,2026-08-28T03:02:49.602196+08:00,2026-08-28T03:35:58.209702+08:00,2016-10-31T00:00:00+08:00,2016-11-01T00:01:00+08:00,12279.336388888889,A,UNCONSTRAINED,20260827,30000,17754,17754,12246,0.5918,0.44743333333333335,0.5525666666666667,0.2612656089762925,0.007858705339058575,12343,177.71163242936805,194.201986,283.082826,291.72752149999997,16059,1695,0.9045285569449139,0.09547144305508617,0.5,0.5003527719591977,256,6135.336388888889,6154.377777777778,0.31035606985417846,4188,0.4,12033,0.4011,5.1265,0.2439450264729075,11422758.126796853,643.3906796663767,11422758.126796853,2497743.330230535,,False,1.0,0.0,False,mixed_fleet_transition,0.9256623159709595,0.6466076696165192,0.9256623159709599,1.1680365296803652,,,,,0.0322449760542162,0.18053097345132743,0.03224497605421619,0.19562589373865302,,,,,0.0,0.0,0.0,0.0,,,,,,2893,53.16107846526098,130,346.58831662633946,468,13692828,2774517,48427,2496,85,CSR_SPARSE_ARCS_ONLY,NONE_CPU_ONLY,0.7973744357264986,142595,1752959,1021558,0.36819309450978316,0,0.0,0,0,0,0,0.0,330.9009362022407,1572.7847168976587,14.466203499876428,70.40911260022403,1988.5609691999998,0.003568499996617902,0.019466659997124228,0.029151199996704236,1988.5609691999998,1505.02734375,0,0
MAIN_Q50_A_P70,MAIN_STRUCTURAL,6b6d3410fadc80a25d60a4affc9a439c71c3f174,b82cd3fda60a39c7474de49bdf4f205850a6725d,0379f9725a147ff33c674de4884cdf89fd787fa9,44f21d0786b8136097da8809217cb31d717ad6bdd6ba34879f5bf1b0bfc48910,2026-08-28T03:36:26.191247+08:00,2026-08-28T04:07:19.558345+08:00,2016-10-31T00:00:00+08:00,2016-11-01T00:01:00+08:00,12279.336388888889,A,UNCONSTRAINED,20260827,30000,18267,18267,11733,0.6089,0.4715666666666667,0.5284333333333333,0.2598877184129187,0.00861850443599493,11835,176.40990345004653,193.116345,282.8098226,291.6385813,15923,2344,0.8716811737012098,0.12831882629879016,0.5,0.5003527719591977,256,6135.336388888889,6154.377777777778,0.31035606985417846,4188,0.7,21031,0.7010333333333333,4.9455,0.22554332950128647,11744704.52911278,642.9465445400328,11744704.52911278,2581672.714681722,,False,1.0,0.0,False,mixed_fleet_transition,0.8711789029667378,0.6305460750853242,0.8711789029667383,1.1836631151699646,,,,,0.03457557967464389,0.1864334470989761,0.034575579674643905,0.19562589373865302,,,,,0.0,0.0,0.0,0.0,,,,,,2893,51.284134116833734,131,342.3297614932596,480,14682680,2703302,53285,2430,107,CSR_SPARSE_ARCS_ONLY,NONE_CPU_ONLY,0.8158849746776474,136958,1710597,992705,0.36721942276519604,0,0.0,0,0,0,0,0.0,326.496937499207,1444.1289108005149,14.305326299625449,68.37957010064565,1853.310744699993,0.0035290000087115914,0.018880119998357262,0.02865360000578221,1853.310744699993,1510.78125,0,0
MAIN_Q50_A_P100,MAIN_STRUCTURAL,6b6d3410fadc80a25d60a4affc9a439c71c3f174,b82cd3fda60a39c7474de49bdf4f205850a6725d,0379f9725a147ff33c674de4884cdf89fd787fa9,0b2076439bc9fdeafd363267b0a4f936167d1fe5a2b12d514b50c61e0f3d5394,2026-08-28T03:36:28.097931+08:00,2026-08-28T04:07:09.870337+08:00,2016-10-31T00:00:00+08:00,2016-11-01T00:01:00+08:00,12279.336388888889,A,UNCONSTRAINED,20260827,30000,18420,18420,11580,0.614,0.4765666666666667,0.5234333333333333,0.2625612940202509,0.007882111034955449,11672,176.0270692814332,192.552821,282.55416390000005,291.58553215,15673,2747,0.8508686210640608,0.1491313789359392,0.5,0.5003527719591977,256,6135.336388888889,6154.377777777778,0.31035606985417846,4188,1.0,30000,1.0,4.898433333333333,0.2238327904451683,11829769.296285607,642.2241746083391,11829769.296285607,2600390.62451577,,False,1.0,0.0,False,mixed_fleet_transition,0.8780285896500347,0.6254095376774663,0.878028589650036,1.257990867579909,,,,,0.03244931964826752,0.17619220968329086,0.03244931964826751,0.19562589373865302,,,,,0.0,0.0,0.0,0.0,,,,,,2893,50.79605945385413,130,341.2578638091946,466,16494477,2691603,56103,2465,107,CSR_SPARSE_ARCS_ONLY,NONE_CPU_ONLY,0.8368179239632757,135318,1703896,987707,0.3669586488051916,0,0.0,0,0,0,0,0.0,339.50248420090065,1419.6268986987125,14.17617580080696,68.40990869957022,1841.7154673999903,0.003514800002449192,0.017821200005710126,0.029594199993880466,1841.7154673999903,1510.76953125,0,0
MAIN_Q75_C_P40,MAIN_STRUCTURAL,6b6d3410fadc80a25d60a4affc9a439c71c3f174,b82cd3fda60a39c7474de49bdf4f205850a6725d,0379f9725a147ff33c674de4884cdf89fd787fa9,49dcd1973d62324a3373e40c99b558fcec5a66b0ab275c2acfcb860fe70e6c03,2026-08-28T04:07:42.992589+08:00,2026-08-28T05:02:36.529720+08:00,2016-10-31T00:00:00+08:00,2016-11-01T00:01:00+08:00,12279.336388888889,C,UNCONSTRAINED,20260827,30000,10632,10632,19368,0.3544,0.2276,0.7724,0.1641636457793889,0.004267132795229037,19451,188.9434241237773,207.998752,285.4980043,292.97229419999996,9175,1457,0.8629608728367193,0.13703912716328065,0.75,0.7505291579387965,384,3063.336388888889,3080.8361111111108,0.5712634853193265,2101,0.4,12033,0.4011,7.2165333333333335,0.3577878103837472,6669785.479125546,627.3312151171507,6669785.479125546,1494233.4901971077,,False,1.0,0.0,False,mixed_fleet_transition,7.251185846106917,0.9176389842141386,7.251185846106921,9.977777777777778,,,,,0.39699563946861605,0.7652711050102952,0.39699563946861566,0.6884394329678148,,,,,0.11484786090139561,0.6829100892244337,0.1148478609013953,0.16666666666666674,,,,,,2893,74.83442792948496,169,415.9032146560664,476,8932080,3542836,26956,2960,62,CSR_SPARSE_ARCS_ONLY,NONE_CPU_ONLY,0.6033582323490161,204098,2197598,1345238,0.3797065401841914,0,0.0,0,0,0,0,0.0,245.8320610068622,2998.9175741932268,9.311520300063421,39.430384499850334,3293.4915400000027,0.0031733999931020662,0.008946739989914942,0.028381199997966178,3293.4915400000027,1674.7265625,0,0
MAIN_Q75_C_P70,MAIN_STRUCTURAL,6b6d3410fadc80a25d60a4affc9a439c71c3f174,b82cd3fda60a39c7474de49bdf4f205850a6725d,0379f9725a147ff33c674de4884cdf89fd787fa9,e6885b2e9db02f3816e3df497aad9d1789703748f8a21dc7dc28406277ec67c8,2026-08-28T04:07:47.484407+08:00,2026-08-28T05:00:38.126078+08:00,2016-10-31T00:00:00+08:00,2016-11-01T00:01:00+08:00,12279.336388888889,C,UNCONSTRAINED,20260827,30000,11352,11352,18648,0.3784,0.25306666666666666,0.7469333333333333,0.16779721528025704,0.004909284951974386,18740,186.70105813416137,204.16582449999999,284.9469086,292.7290875,9153,2199,0.8062896405919662,0.19371035940803383,0.75,0.7505291579387965,384,3063.336388888889,3080.8361111111108,0.5712634853193265,2101,0.7,21031,0.7010333333333333,6.991,0.33121916842847077,7042331.093954856,620.3603853025771,7042331.093954856,1603324.4171911539,,False,1.0,0.0,False,mixed_fleet_transition,7.137314941134859,0.9226921327876307,7.137314941134874,10.053846153846154,,,,,0.38207668732263356,0.7617098681218736,0.3820766873226342,0.7065180714938435,,,,,0.11611338487191153,0.692587539790814,0.11611338487191052,0.16666666666666674,,,,,,2893,72.49567922571725,162,410.55098513653644,467,10032040,3454867,31866,2839,100,CSR_SPARSE_ARCS_ONLY,NONE_CPU_ONLY,0.6556167040801273,197130,2147843,1307024,0.37831383957761616,0,0.0,0,0,0,0,0.0,252.38130850596644,2868.211914094325,9.75930880033411,40.244963199380436,3170.597494600006,0.0032476000051246956,0.00995226000377443,0.026527000009082258,3170.597494600006,1657.4140625,0,0
MAIN_Q75_C_P100,MAIN_STRUCTURAL,6b6d3410fadc80a25d60a4affc9a439c71c3f174,b82cd3fda60a39c7474de49bdf4f205850a6725d,0379f9725a147ff33c674de4884cdf89fd787fa9,ed3e109c3ed4fa01b9e3e0c87584b7bb7162fc752349b250b1bde3c43f0e3c3b,2026-08-28T05:02:59.851679+08:00,2026-08-28T05:53:46.947106+08:00,2016-10-31T00:00:00+08:00,2016-11-01T00:01:00+08:00,12279.336388888889,C,UNCONSTRAINED,20260827,30000,11722,11722,18278,0.3907333333333333,0.2698333333333333,0.7301666666666666,0.1655786350148368,0.005170630816959669,18373,186.08701681223343,203.194485,285.1116828,292.64979259999996,8955,2767,0.7639481317181368,0.23605186828186317,0.75,0.7505291579387965,384,3063.336388888889,3080.8361111111108,0.5712634853193265,2101,1.0,30000,1.0,6.875666666666667,0.30941818802252175,7253595.160627114,618.8018393300729,7253595.160627114,1663465.0165367597,,False,1.0,0.0,False,mixed_fleet_transition,7.060982612536642,0.9266353451391398,7.06098261253666,8.979999999999999,,,,,0.3856660919201688,0.7654499457896639,0.38566609192016915,0.8092011237547739,,,,,0.11947355740272261,0.7126852186483557,0.11947355740272257,0.16666666666666674,,,,,,2893,71.29968890425164,165,407.8423781541652,471,11971010,3439748,35568,2980,97,CSR_SPARSE_ARCS_ONLY,NONE_CPU_ONLY,0.7126601681896515,192217,2128265,1311483,0.38127298860265346,0,0.0,0,0,0,0,0.0,263.4159206008917,2732.959689998883,10.049055600131396,40.63934030008386,3047.06400649999,0.003248399996664375,0.010362960002385084,0.07597829999576788,3047.06400649999,1662.9765625,0,0
MAIN_Q75_M_P40,MAIN_STRUCTURAL,6b6d3410fadc80a25d60a4affc9a439c71c3f174,b82cd3fda60a39c7474de49bdf4f205850a6725d,0379f9725a147ff33c674de4884cdf89fd787fa9,6b0fe39eeaafdc0a20e3c7b81d4ad1681c5b252bce1ad33bf2c16d71af58d1e7,2026-08-28T05:03:01.864571+08:00,2026-08-28T05:56:00.778044+08:00,2016-10-31T00:00:00+08:00,2016-11-01T00:01:00+08:00,12279.336388888889,M,UNCONSTRAINED,20260827,30000,11163,11163,18837,0.3721,0.2497,0.7503,0.16313474610155937,0.005017959011197972,18932,186.9212667743438,204.669105,284.98877980000003,292.8357956,9062,2101,0.8117889456239362,0.18821105437606378,0.75,0.7505291579387965,384,3063.336388888889,3080.8361111111108,0.5712634853193265,2101,0.4,12033,0.4011,7.043466666666666,0.32894383230314433,7023952.17536976,629.2172512200806,7023952.17536976,1576511.1061628703,,False,1.0,0.0,False,mixed_fleet_transition,2.409820953607526,0.8653022370299858,2.409820953607516,3.476470588235294,,,,,0.14968007969446256,0.4683484055211804,0.1496800796944626,0.2994903924532548,,,,,0.0004164683484055212,0.0009519276534983341,0.0004164683484055212,0.001708984375,,,,,,2893,73.03975112340132,163,410.93155893536124,468,9940842,3477804,30778,2874,64,CSR_SPARSE_ARCS_ONLY,NONE_CPU_ONLY,0.6501499571163087,198079,2153573,1324231,0.38076642617007744,0,0.0,0,0,0,0,0.0,249.66824090102455,2879.9498483987263,9.497712100041099,39.76691500020388,3178.882716399996,0.003209000002243556,0.009239399994839916,0.03160600000410341,3178.882716399996,1654.4375,0,0
MAIN_Q75_M_P70,MAIN_STRUCTURAL,6b6d3410fadc80a25d60a4affc9a439c71c3f174,b82cd3fda60a39c7474de49bdf4f205850a6725d,0379f9725a147ff33c674de4884cdf89fd787fa9,9a28919c3c931e604ac44136f97de27e2ac0f763eaee1a00eeaf35bf22345b7c,2026-08-28T05:56:24.380208+08:00,2026-08-28T06:45:34.317011+08:00,2016-10-31T00:00:00+08:00,2016-11-01T00:01:00+08:00,12279.336388888889,M,UNCONSTRAINED,20260827,30000,12039,12039,17961,0.4013,0.2841,0.7159,0.1637100153652745,0.004710185082566774,18046,186.72926476177423,205.0,284.7032714,292.4717888,8905,3134,0.7396793753634022,0.2603206246365977,0.75,0.7505291579387965,384,3063.336388888889,3080.8361111111108,0.5712634853193265,2101,0.7,21031,0.7010333333333333,6.7637,0.29205083478694244,7548657.209444424,627.0169623261421,7548657.209444424,1740274.6240900923,,False,1.0,0.0,False,mixed_fleet_transition,2.3606884329992366,0.8640714741544352,2.360688432999231,3.476470588235294,,,,,0.14930340642948298,0.46904913848117424,0.14930340642948287,0.32900823223197795,,,,,0.00013959795788130185,0.0003190810465858328,0.00013959795788130185,0.0011482939632545932,,,,,,2893,70.13861043899067,157,404.07915658486,462,12321636,3400231,35472,2800,106,CSR_SPARSE_ARCS_ONLY,NONE_CPU_ONLY,0.7240438688498833,188430,2100578,1299653,0.3822249135426387,0,0.0,0,0,0,0,0.0,264.91570969815075,2635.1138306012144,9.87346429975878,40.005222100866376,2949.9082266999903,0.00326620000123512,0.009224159998120752,0.029571899998700246,2949.9082266999903,1641.140625,0,0
MAIN_Q75_M_P100,MAIN_STRUCTURAL,6b6d3410fadc80a25d60a4affc9a439c71c3f174,b82cd3fda60a39c7474de49bdf4f205850a6725d,0379f9725a147ff33c674de4884cdf89fd787fa9,53fa4a9a8cb8038b6324a220855716b804118d6e16b3594303617be9be1d8652,2026-08-28T05:56:26.672155+08:00,2026-08-28T06:43:40.543339+08:00,2016-10-31T00:00:00+08:00,2016-11-01T00:01:00+08:00,12279.336388888889,M,UNCONSTRAINED,20260827,30000,12594,12594,17406,0.4198,0.3013,0.6987,0.1696006869901245,0.0051440329218107,17496,186.96374002191519,205.120026,284.81399250000004,292.59013104999997,8845,3749,0.702318564395744,0.297681435604256,0.75,0.7505291579387965,384,3063.336388888889,3080.8361111111108,0.5712634853193265,2101,1.0,30000,1.0,6.5975,0.2822772748928061,7886202.785246436,626.1872943660819,7886202.785246436,1839899.3476819731,,False,1.0,0.0,False,mixed_fleet_transition,2.349793278207522,0.8714323819685249,2.3497932782075157,3.6029411764705883,,,,,0.1471522305724826,0.46145638837023206,0.14715223057248264,0.35421865843017214,,,,,0.00040010669511869834,0.0010669511869831954,0.00040010669511869834,0.0012351778656126482,,,,,,2893,68.41513999308675,164,399.2682336674732,470,14879367,3357103,38450,2975,99,CSR_SPARSE_ARCS_ONLY,NONE_CPU_ONLY,0.7743786412419291,183393,2075059,1282044,0.38188998073636704,0,0.0,0,0,0,0,0.0,281.7408940986643,2501.023318201085,9.911306100388174,41.1647996998654,2833.840318100003,0.003255799994803965,0.009393160001491197,0.025438900003791787,2833.840318100003,1627.84765625,0,0
MAIN_Q75_A_P40,MAIN_STRUCTURAL,6b6d3410fadc80a25d60a4affc9a439c71c3f174,b82cd3fda60a39c7474de49bdf4f205850a6725d,0379f9725a147ff33c674de4884cdf89fd787fa9,e26f7938dc405f0f6a5f1bf5bdbfb931ab8079026857893359a61fe228a6c6d3,2026-08-28T06:45:58.859850+08:00,2026-08-28T07:38:03.959491+08:00,2016-10-31T00:00:00+08:00,2016-11-01T00:01:00+08:00,12279.336388888889,A,UNCONSTRAINED,20260827,30000,11395,11395,18605,0.37983333333333336,0.2544666666666667,0.7455333333333334,0.16815702405436825,0.004973793988661889,18698,187.80364510759102,205.938593,285.02875620000003,292.7996601,9182,2213,0.8057920140412461,0.19420798595875383,0.75,0.7505291579387965,384,3063.336388888889,3080.8361111111108,0.5712634853193265,2101,0.4,12033,0.4011,6.9804,0.33005704256252744,7170932.8435254125,629.3052078565522,7170932.8435254125,1620469.541323511,,False,1.0,0.0,False,mixed_fleet_transition,0.8983700439013688,0.6389516493447809,0.8983700439013684,1.1680365296803652,,,,,0.031314932308983405,0.17668323542702213,0.0313149323089834,0.19562589373865302,,,,,0.0,0.0,0.0,0.0,,,,,,2893,72.38575872796405,161,408.8154165226409,471,9811827,3454751,31696,3002,64,CSR_SPARSE_ARCS_ONLY,NONE_CPU_ONLY,0.6478993157951114,197051,2145304,1309447,0.37902789520865615,0,0.0,0,0,0,0,0.0,248.21245240126154,2827.132159698085,9.561586700059706,40.1603840005846,3125.066582799991,0.003217800011043437,0.009223999991081656,0.026396000001113862,3125.066582799991,1653.265625,0,0
MAIN_Q75_A_P70,MAIN_STRUCTURAL,6b6d3410fadc80a25d60a4affc9a439c71c3f174,b82cd3fda60a39c7474de49bdf4f205850a6725d,0379f9725a147ff33c674de4884cdf89fd787fa9,b52b57444bd989eb3a316efa71a556f09a032b51a1af0bd885962699eda2aaf0,2026-08-28T06:46:01.270067+08:00,2026-08-28T07:35:13.731202+08:00,2016-10-31T00:00:00+08:00,2016-11-01T00:01:00+08:00,12279.336388888889,A,UNCONSTRAINED,20260827,30000,12343,12343,17657,0.4114333333333333,0.29156666666666664,0.7084333333333334,0.1691996424034254,0.00523943661971831,17750,186.92396609227904,203.77841,284.8517696,292.6282656,9078,3265,0.7354775986389046,0.26452240136109534,0.75,0.7505291579387965,384,3063.336388888889,3080.8361111111108,0.5712634853193265,2101,0.7,21031,0.7010333333333333,6.682633333333333,0.2913392206108726,7739553.9476995105,627.0399374300827,7739553.9476995105,1786078.5192614484,,False,1.0,0.0,False,mixed_fleet_transition,0.8590917087974714,0.6300153139356814,0.8590917087974732,1.1836631151699646,,,,,0.0319842672524958,0.18529862174578868,0.03198426725249582,0.19562589373865302,,,,,0.0,0.0,0.0,0.0,,,,,,2893,69.29796059453854,162,401.43899066712754,467,12184297,3350603,36662,2889,103,CSR_SPARSE_ARCS_ONLY,NONE_CPU_ONLY,0.7250064570816026,187495,2078778,1271825,0.37958092916409375,0,0.0,0,0,0,0,0.0,264.4693096979172,2637.418827702393,9.94728320001741,40.59380889966269,2952.4292294999905,0.0032624000014038756,0.00967651999671944,0.0254341999971075,2952.4292294999905,1635.91015625,0,0
MAIN_Q75_A_P100,MAIN_STRUCTURAL,6b6d3410fadc80a25d60a4affc9a439c71c3f174,b82cd3fda60a39c7474de49bdf4f205850a6725d,0379f9725a147ff33c674de4884cdf89fd787fa9,ad386ef0957120553b7eed5f8c1275804e02a3256e1c189a126aaee64c096ab0,2026-08-28T07:38:27.819050+08:00,2026-08-28T08:23:05.289984+08:00,2016-10-31T00:00:00+08:00,2016-11-01T00:01:00+08:00,12279.336388888889,A,UNCONSTRAINED,20260827,30000,12704,12704,17296,0.42346666666666666,0.3062666666666667,0.6937333333333333,0.16894099557947337,0.00557695624676594,17393,186.67749621323992,203.991494,285.01681260000004,292.75823775,8789,3915,0.6918293450881612,0.3081706549118388,0.75,0.7505291579387965,384,3063.336388888889,3080.8361111111108,0.5712634853193265,2101,1.0,30000,1.0,6.564533333333333,0.2767632241813602,7935032.136885073,624.6089528404497,7935032.136885073,1854712.9178147663,,False,1.0,0.0,False,mixed_fleet_transition,0.8487431900488113,0.6283524904214559,0.8487431900488135,1.2907153729071539,,,,,0.030930251826779942,0.17445721583652618,0.03093025182677993,0.19562589373865302,,,,,0.0,0.0,0.0,0.0,,,,,,2893,68.07328033183546,163,398.5485655029381,466,15506559,3349409,39307,2932,103,CSR_SPARSE_ARCS_ONLY,NONE_CPU_ONLY,0.7840004994015758,181645,2067594,1281815,0.38269885821647937,0,0.0,0,0,0,0,0.0,276.6654031003127,2350.3280316993623,10.36666520012659,40.06205380021129,2677.422153800013,0.003137200008495711,0.010847100004320974,0.20372910000151023,2677.422153800013,1627.59765625,0,0
