supply_scenario,av_penetration,odd_profile,pricing_scenario,dispatch_strategy,relocation_mode,mechanism_id,odd_policy,passenger_policy,driver_policy,experiment_family,sample_size,initial_fleet_hash,orders,served_orders,match_rate,cancel_rate,passenger_acceptance_rate,driver_acceptance_rate,spatial_feasibility_rate,ODD_feasibility_rate,matching_success_rate_given_feasible,patience_cancellation_rate,price_rejection_rate,driver_rejection_rate,mean_waiting_time_sec,mean_pickup_time_sec,mean_passenger_fare,mean_passenger_generalized_cost,platform_revenue,platform_cost,served_order_profit,lost_demand_cost,platform_profit,net_platform_profit,profit_margin,HV_payout,HV_net_income,HV_stress_burden,HV_high_stress_assignment_share,AV_utilization,HV_utilization,AV_active_vehicle_share,HV_active_vehicle_share,AV_orders_per_vehicle,HV_orders_per_vehicle,AV_assignment_share,AV_stress_exposure,AV_ODD_violation_rate,remote_assistance_cost,fallback_expected_cost,capability_cost,mean_candidate_count,zero_candidate_order_share,cross_zone_candidate_share,local_zone_candidate_share,neighbor_zone_candidate_share,candidate_generation_runtime_sec,fold,experiment_id
moderate,0.0,moderate_av,P3_shared_comp,ODD-Gated Price-Aware Matching,none,OFAT_BASE,hard_gate_for_av,deterministic_gc_threshold,deterministic_utility_threshold,av_penetration,1500,d9e945fbc8b7486b32b4a3b42b47d37f276cd5307bb311d85244468023d9fbcf,1500,1301,0.8673333333333333,0.13266666666666665,0.868,0.988,0.988,0.988,0.999231950844854,0.0006666666666666666,0.12,0.0,70.85165257494235,159.59868477671037,45.84466266028995,47.85334259313392,59643.906121037224,30135.56572233889,29508.340398698325,995.0,28513.340398698325,28513.340398698325,0.47805957478430944,30565.264329128004,21235.438973007243,0.33257083109547286,0.0361260568793236,0.0,0.06897860074965925,0.0,0.25,0.0,3.0976190476190477,0.0,,0.0,0.0,0.0,0.0,6.50653582656345,0.31135181066120293,0.7824814590066445,0.15306181907807007,0.7824814590066445,0.9482381999696372,1,10
moderate,0.25,moderate_av,P3_shared_comp,ODD-Gated Price-Aware Matching,none,OFAT_BASE,hard_gate_for_av,deterministic_gc_threshold,deterministic_utility_threshold,av_penetration,1500,3326188b18261809bec84edb699a139d4666fe42e3973166bee5a469cdfc2455,1500,1310,0.8733333333333333,0.12666666666666668,0.8733333333333333,0.988,0.988,0.988,1.0,0.0,0.11466666666666667,0.0,71.29083969465648,202.09856366320267,45.323245148504796,47.027220305750575,59373.45114454128,22352.530705033714,37020.92043950757,950.0,36070.92043950757,36070.92043950757,0.6075260868985867,12473.956426972509,8630.37400632608,0.36237685681136333,0.08834586466165413,0.16196204480987073,0.0366549098717877,0.3333333333333333,0.2507936507936508,7.40952380952381,1.6888888888888889,0.5938931297709924,0.31185396781770613,0.0,134.91064167022705,0.0,835.5921640247107,6.512169910098087,0.29971525303017016,0.7818753281020191,0.15366794998269548,0.7818753281020191,0.954015800205525,1,11
moderate,0.75,moderate_av,P3_shared_comp,ODD-Gated Price-Aware Matching,none,OFAT_BASE,hard_gate_for_av,deterministic_gc_threshold,deterministic_utility_threshold,av_penetration,1500,092ac9bc4eec0bae50509fe25844a6b753d846bdb14053512753a3d009bbf861,1500,1293,0.862,0.138,0.8773333333333333,0.988,0.988,0.972,0.9984555984555985,0.0013333333333333333,0.10866666666666666,0.0,74.74400618716165,169.8356983776331,45.157297877050766,46.41295942900889,58388.386155026645,19065.940350897454,39322.445804129195,1035.0,38287.445804129195,38287.445804129195,0.6557373533577796,3839.943585838633,2611.538781710488,0.41107470772373006,0.1951219512195122,0.07564231929215531,0.032806312907537605,0.2984126984126984,0.26666666666666666,3.5841269841269843,1.561904761904762,0.8731631863882444,0.31874715560370226,0.0,688.7805585861206,0.0,1652.6935717314482,6.037689433545787,0.33123461355505557,0.7551431820978404,0.17671685473457222,0.7551431820978404,0.995256900016102,1,12
moderate,0.0,moderate_av,P3_shared_comp,ODD-Gated Price-Aware Matching,none,OFAT_BASE,hard_gate_for_av,deterministic_gc_threshold,deterministic_utility_threshold,av_penetration,1500,f2a256434cd716db0af17c40793601979b91c17c580de102bd8741d4facf3f40,1500,1260,0.84,0.16,0.84,0.954,0.954,0.954,1.0,0.0,0.114,0.0,71.08650793650794,151.09244552397374,45.44835324266214,47.40345631864208,57264.925085754294,29219.54566747566,28045.37941827864,1200.0,26845.37941827864,26845.37941827864,0.46879270998918887,30017.11850953718,20555.22318146637,0.40824857943311893,0.2492063492063492,0.0,0.0828403283646923,0.0,0.20952380952380953,0.0,3.0,0.0,,0.0,0.0,0.0,0.0,6.150496441689623,0.35697416535484716,0.6995216175954866,0.15275110967724065,0.6995216175954866,0.9019786001153989,2,10
moderate,0.25,moderate_av,P3_shared_comp,ODD-Gated Price-Aware Matching,none,OFAT_BASE,hard_gate_for_av,deterministic_gc_threshold,deterministic_utility_threshold,av_penetration,1500,df6110ae40a8c1a53223c1791a6cc2fa85138144b550ad8e937ff426ae1f43c1,1500,1264,0.8426666666666667,0.15733333333333333,0.8426666666666667,0.954,0.954,0.954,1.0,0.0,0.11133333333333334,0.0,71.2136075949367,177.92744432487788,45.04543802346859,46.78002815863022,56937.4336616643,24196.23564307329,32741.198018591007,1180.0,31561.198018591007,31561.198018591007,0.5543136736041725,18449.976369906086,12542.461152854397,0.4489622049194398,0.4147952443857332,0.12433829928071988,0.06699079300107028,0.26666666666666666,0.2222222222222222,4.828571428571428,2.403174603174603,0.40110759493670883,0.34741992477442696,0.0,82.32241773605347,0.0,622.838501766324,5.798308367768596,0.3523225354191263,0.6727525323370995,0.17952019493562774,0.6727525323370995,0.9094192000047769,2,11
moderate,0.75,moderate_av,P3_shared_comp,ODD-Gated Price-Aware Matching,none,OFAT_BASE,hard_gate_for_av,deterministic_gc_threshold,deterministic_utility_threshold,av_penetration,1500,39a668aed989979f226a85bdd856fde079c960335047a7c1414c7a1e56a94a48,1500,1142,0.7613333333333333,0.23866666666666667,0.846,0.954,0.954,0.864,0.995640802092415,0.0033333333333333335,0.09933333333333333,0.0,80.69964973730298,173.08755420434613,44.40501867800237,45.87048269960986,50710.53133027871,19664.937510028445,31045.593820250262,1790.0,29255.593820250262,29255.593820250262,0.5769135730349183,6739.988818539543,4500.144516123854,0.4958984982568535,0.6394052044609665,0.06996154916188058,0.07403422408602504,0.2571428571428571,0.22857142857142856,2.7714285714285714,2.5619047619047617,0.7644483362521891,0.3662352734318259,0.0,1400.8234696388245,0.0,2140.8391783088446,4.229228436756846,0.4981549490072217,0.6445087842164646,0.1774609127532323,0.6445087842164646,1.0112982998543885,2,12
moderate,0.0,moderate_av,P3_shared_comp,ODD-Gated Price-Aware Matching,none,OFAT_BASE,hard_gate_for_av,deterministic_gc_threshold,deterministic_utility_threshold,av_penetration,1500,df5fd88496c40f9dd4fdf0709331ad04d4fd92343207d28e378f13d44cfc504b,1500,1315,0.8766666666666667,0.12333333333333334,0.8766666666666667,0.9686666666666667,0.9686666666666667,0.9686666666666667,1.0,0.0,0.092,0.0,70.37490494296578,156.5520056362706,46.35319995140635,48.3352120548877,60954.45793609935,30880.9301183801,30073.52781771926,925.0,29148.52781771926,29148.52781771926,0.47820173953932393,31495.336241124183,21743.365321168763,0.36680724737913134,0.05171102661596958,0.0,0.07302590485532211,0.0,0.24761904761904763,0.0,3.130952380952381,0.0,,0.0,0.0,0.0,0.0,6.922827881225194,0.2639956599169651,0.7531405206538936,0.16240650429812173,0.7531405206538936,0.8892724999313941,3,10
moderate,0.25,moderate_av,P3_shared_comp,ODD-Gated Price-Aware Matching,none,OFAT_BASE,hard_gate_for_av,deterministic_gc_threshold,deterministic_utility_threshold,av_penetration,1500,61b6f894dc958da09c84af32e76699bb98e0e025bed873e8b198d65de951f778,1500,1324,0.8826666666666667,0.11733333333333333,0.8826666666666667,0.9686666666666667,0.9686666666666667,0.9686666666666667,1.0,0.0,0.086,0.0,70.14954682779457,195.63568153565274,45.91759356910513,47.60504393342136,60794.89388549519,23559.71617627416,37235.177709221025,880.0,36355.177709221025,36355.177709221025,0.5979972228867539,13901.121360104777,9567.958560191462,0.3937008375068472,0.11467116357504216,0.1637865277515698,0.04159805829090422,0.3523809523809524,0.26031746031746034,6.961904761904762,1.8825396825396825,0.5521148036253777,0.3450929542321404,0.0,172.10591506958008,0.0,886.3427916914225,6.891678991726976,0.2510740805366525,0.7325956521703925,0.1848707585781681,0.7325956521703925,0.8871636000985745,3,11
moderate,0.75,moderate_av,P3_shared_comp,ODD-Gated Price-Aware Matching,none,OFAT_BASE,hard_gate_for_av,deterministic_gc_threshold,deterministic_utility_threshold,av_penetration,1500,b592f99cd06bda7508211ce0069b523c4f05d489800ee5b631eb9065a3244e2f,1500,1278,0.852,0.148,0.8866666666666667,0.9686666666666667,0.9686666666666667,0.934,0.9976580796252927,0.002,0.08,0.0,73.78403755868544,170.85250865433144,45.56934741678058,46.8361262694683,58237.625998645584,20034.648369604176,38202.97762904141,1110.0,37092.97762904141,37092.97762904141,0.6369246169118238,4068.006102080247,2766.030438524567,0.43301488810043404,0.2391304347826087,0.07837628779478459,0.03397845055042152,0.2698412698412698,0.20952380952380953,3.473015873015873,1.7523809523809524,0.8560250391236307,0.3522008793981318,0.0,1091.824110507965,0.0,2025.1749287992716,6.122877250708345,0.313665722206989,0.7476382721057573,0.1621505954566227,0.7476382721057573,0.9297626998304622,3,12
