artifact_id,stage,path,description,created_by_commit,input_source,status,used_by,known_issue,replacement_artifact
legacy_stage0__od_work,stage0,stage0/output/_od_work,legacy directory,fb38799,legacy_unfrozen_lineage,exploratory,legacy_only,"direction topology, parallel-edge, interval allocation, and IIS influence-area re-audit required",canonical_stage0_v2_pending
legacy_stage0__work,stage0,stage0/output/_work,legacy directory,fb38799,legacy_unfrozen_lineage,exploratory,legacy_only,"direction topology, parallel-edge, interval allocation, and IIS influence-area re-audit required",canonical_stage0_v2_pending
legacy_stage0_case_traces,stage0,stage0/output/case_traces,legacy directory,fb38799,legacy_unfrozen_lineage,exploratory,legacy_only,"direction topology, parallel-edge, interval allocation, and IIS influence-area re-audit required",canonical_stage0_v2_pending
legacy_stage0_fast_link_traversals,stage0,stage0/output/fast_link_traversals,legacy directory,fb38799,legacy_unfrozen_lineage,exploratory,legacy_only,"direction topology, parallel-edge, interval allocation, and IIS influence-area re-audit required",canonical_stage0_v2_pending
legacy_stage0_fast_matched_points,stage0,stage0/output/fast_matched_points,legacy directory,fb38799,legacy_unfrozen_lineage,exploratory,legacy_only,"direction topology, parallel-edge, interval allocation, and IIS influence-area re-audit required",canonical_stage0_v2_pending
legacy_stage0_fast_observed_link_traversals,stage0,stage0/output/fast_observed_link_traversals,legacy directory,fb38799,legacy_unfrozen_lineage,exploratory,legacy_only,"direction topology, parallel-edge, interval allocation, and IIS influence-area re-audit required",canonical_stage0_v2_pending
legacy_stage0_fast_observed_turn_movements,stage0,stage0/output/fast_observed_turn_movements,legacy directory,fb38799,legacy_unfrozen_lineage,exploratory,legacy_only,"direction topology, parallel-edge, interval allocation, and IIS influence-area re-audit required",canonical_stage0_v2_pending
legacy_stage0_fast_quality_parts,stage0,stage0/output/fast_quality_parts,legacy directory,fb38799,legacy_unfrozen_lineage,exploratory,legacy_only,"direction topology, parallel-edge, interval allocation, and IIS influence-area re-audit required",canonical_stage0_v2_pending
legacy_stage0_fast_quality_reports,stage0,stage0/output/fast_quality_reports,legacy directory,fb38799,legacy_unfrozen_lineage,exploratory,legacy_only,"direction topology, parallel-edge, interval allocation, and IIS influence-area re-audit required",canonical_stage0_v2_pending
legacy_stage0_fast_route_parts,stage0,stage0/output/fast_route_parts,legacy directory,fb38799,legacy_unfrozen_lineage,exploratory,legacy_only,"direction topology, parallel-edge, interval allocation, and IIS influence-area re-audit required",canonical_stage0_v2_pending
legacy_stage0_fast_turn_movements,stage0,stage0/output/fast_turn_movements,legacy directory,fb38799,legacy_unfrozen_lineage,exploratory,legacy_only,"direction topology, parallel-edge, interval allocation, and IIS influence-area re-audit required",canonical_stage0_v2_pending
legacy_stage0_hmm_link_traversals,stage0,stage0/output/hmm_link_traversals,legacy directory,fb38799,legacy_unfrozen_lineage,exploratory,legacy_only,"direction topology, parallel-edge, interval allocation, and IIS influence-area re-audit required",canonical_stage0_v2_pending
legacy_stage0_hmm_matched_points,stage0,stage0/output/hmm_matched_points,legacy directory,fb38799,legacy_unfrozen_lineage,exploratory,legacy_only,"direction topology, parallel-edge, interval allocation, and IIS influence-area re-audit required",canonical_stage0_v2_pending
legacy_stage0_hmm_observed_link_traversals,stage0,stage0/output/hmm_observed_link_traversals,legacy directory,fb38799,legacy_unfrozen_lineage,exploratory,legacy_only,"direction topology, parallel-edge, interval allocation, and IIS influence-area re-audit required",canonical_stage0_v2_pending
legacy_stage0_hmm_observed_turn_movements,stage0,stage0/output/hmm_observed_turn_movements,legacy directory,fb38799,legacy_unfrozen_lineage,exploratory,legacy_only,"direction topology, parallel-edge, interval allocation, and IIS influence-area re-audit required",canonical_stage0_v2_pending
legacy_stage0_hmm_quality_parts,stage0,stage0/output/hmm_quality_parts,legacy directory,fb38799,legacy_unfrozen_lineage,exploratory,legacy_only,"direction topology, parallel-edge, interval allocation, and IIS influence-area re-audit required",canonical_stage0_v2_pending
legacy_stage0_hmm_quality_reports,stage0,stage0/output/hmm_quality_reports,legacy directory,fb38799,legacy_unfrozen_lineage,exploratory,legacy_only,"direction topology, parallel-edge, interval allocation, and IIS influence-area re-audit required",canonical_stage0_v2_pending
legacy_stage0_hmm_route_parts,stage0,stage0/output/hmm_route_parts,legacy directory,fb38799,legacy_unfrozen_lineage,exploratory,legacy_only,"direction topology, parallel-edge, interval allocation, and IIS influence-area re-audit required",canonical_stage0_v2_pending
legacy_stage0_hmm_state_sequences,stage0,stage0/output/hmm_state_sequences,legacy directory,fb38799,legacy_unfrozen_lineage,exploratory,legacy_only,"direction topology, parallel-edge, interval allocation, and IIS influence-area re-audit required",canonical_stage0_v2_pending
legacy_stage0_hmm_turn_movements,stage0,stage0/output/hmm_turn_movements,legacy directory,fb38799,legacy_unfrozen_lineage,exploratory,legacy_only,"direction topology, parallel-edge, interval allocation, and IIS influence-area re-audit required",canonical_stage0_v2_pending
legacy_stage0_logs,stage0,stage0/output/logs,legacy directory,fb38799,legacy_unfrozen_lineage,exploratory,legacy_only,"direction topology, parallel-edge, interval allocation, and IIS influence-area re-audit required",canonical_stage0_v2_pending
legacy_stage0_manifests,stage0,stage0/output/manifests,legacy directory,fb38799,legacy_unfrozen_lineage,exploratory,legacy_only,"direction topology, parallel-edge, interval allocation, and IIS influence-area re-audit required",canonical_stage0_v2_pending
legacy_stage0_matched_points,stage0,stage0/output/matched_points,legacy directory,fb38799,legacy_unfrozen_lineage,exploratory,legacy_only,"direction topology, parallel-edge, interval allocation, and IIS influence-area re-audit required",canonical_stage0_v2_pending
legacy_stage0_matcher_comparison,stage0,stage0/output/matcher_comparison,legacy directory,fb38799,legacy_unfrozen_lineage,exploratory,legacy_only,"direction topology, parallel-edge, interval allocation, and IIS influence-area re-audit required",canonical_stage0_v2_pending
legacy_stage0_matcher_comparison_fast,stage0,stage0/output/matcher_comparison_fast,legacy directory,fb38799,legacy_unfrozen_lineage,exploratory,legacy_only,"direction topology, parallel-edge, interval allocation, and IIS influence-area re-audit required",canonical_stage0_v2_pending
legacy_stage0_order_base,stage0,stage0/output/order_base,legacy directory,fb38799,legacy_unfrozen_lineage,exploratory,legacy_only,"direction topology, parallel-edge, interval allocation, and IIS influence-area re-audit required",canonical_stage0_v2_pending
legacy_stage0_order_od,stage0,stage0/output/order_od,legacy directory,fb38799,legacy_unfrozen_lineage,exploratory,legacy_only,"direction topology, parallel-edge, interval allocation, and IIS influence-area re-audit required",canonical_stage0_v2_pending
legacy_stage0_order_od_audited,stage0,stage0/output/order_od_audited,legacy directory,fb38799,legacy_unfrozen_lineage,exploratory,legacy_only,"direction topology, parallel-edge, interval allocation, and IIS influence-area re-audit required",canonical_stage0_v2_pending
legacy_stage0_poi,stage0,stage0/output/poi,legacy directory,fb38799,legacy_unfrozen_lineage,exploratory,legacy_only,"direction topology, parallel-edge, interval allocation, and IIS influence-area re-audit required",canonical_stage0_v2_pending
legacy_stage0_quality_reports,stage0,stage0/output/quality_reports,legacy directory,fb38799,legacy_unfrozen_lineage,exploratory,legacy_only,"direction topology, parallel-edge, interval allocation, and IIS influence-area re-audit required",canonical_stage0_v2_pending
legacy_stage0_reports,stage0,stage0/output/reports,legacy directory,fb38799,legacy_unfrozen_lineage,exploratory,legacy_only,"direction topology, parallel-edge, interval allocation, and IIS influence-area re-audit required",canonical_stage0_v2_pending
legacy_stage0_route_parts,stage0,stage0/output/route_parts,legacy directory,fb38799,legacy_unfrozen_lineage,exploratory,legacy_only,"direction topology, parallel-edge, interval allocation, and IIS influence-area re-audit required",canonical_stage0_v2_pending
legacy_stage0_stage0_link_traversals,stage0,stage0/output/stage0_link_traversals,legacy directory,fb38799,legacy_unfrozen_lineage,exploratory,legacy_only,"direction topology, parallel-edge, interval allocation, and IIS influence-area re-audit required",canonical_stage0_v2_pending
legacy_stage0_stage0_order_link_poi_behavior,stage0,stage0/output/stage0_order_link_poi_behavior,legacy directory,fb38799,legacy_unfrozen_lineage,exploratory,legacy_only,"direction topology, parallel-edge, interval allocation, and IIS influence-area re-audit required",canonical_stage0_v2_pending
legacy_stage0_stage0_order_link_poi_behavior_fast,stage0,stage0/output/stage0_order_link_poi_behavior_fast,legacy directory,fb38799,legacy_unfrozen_lineage,exploratory,legacy_only,"direction topology, parallel-edge, interval allocation, and IIS influence-area re-audit required",canonical_stage0_v2_pending
legacy_stage0_stage0_turn_movements,stage0,stage0/output/stage0_turn_movements,legacy directory,fb38799,legacy_unfrozen_lineage,exploratory,legacy_only,"direction topology, parallel-edge, interval allocation, and IIS influence-area re-audit required",canonical_stage0_v2_pending
legacy_stage1_prediction_split,stage1,stage1/output/prediction_split,legacy directory,fb38799,legacy_unfrozen_lineage,exploratory,legacy_only,"v1 partition median, CDF empty-bin, PMIS weighting, and missing-mask semantics",canonical_stage1_v2_pending
legacy_stage2_actual_entry_oracle_causal_dataset,stage2,stage2/output/actual_entry_oracle_causal_dataset,legacy directory,fb38799,legacy_unfrozen_lineage,exploratory,legacy_only,dispatch-time versus estimated-link-entry availability requires re-audit,canonical_stage2_v2_pending
legacy_stage2_actual_route_oracle_causal_dataset,stage2,stage2/output/actual_route_oracle_causal_dataset,legacy directory,fb38799,legacy_unfrozen_lineage,exploratory,legacy_only,dispatch-time versus estimated-link-entry availability requires re-audit,canonical_stage2_v2_pending
legacy_stage2_actual_route_oracle_causal_dataset_15k,stage2,stage2/output/actual_route_oracle_causal_dataset_15k,legacy directory,fb38799,legacy_unfrozen_lineage,exploratory,legacy_only,dispatch-time versus estimated-link-entry availability requires re-audit,canonical_stage2_v2_pending
legacy_stage2_actual_route_oracle_causal_dataset_5k,stage2,stage2/output/actual_route_oracle_causal_dataset_5k,legacy directory,fb38799,legacy_unfrozen_lineage,exploratory,legacy_only,dispatch-time versus estimated-link-entry availability requires re-audit,canonical_stage2_v2_pending
legacy_stage2_actual_route_oracle_causal_dataset_full_20161023,stage2,stage2/output/actual_route_oracle_causal_dataset_full_20161023,legacy directory,fb38799,legacy_unfrozen_lineage,exploratory,legacy_only,dispatch-time versus estimated-link-entry availability requires re-audit,canonical_stage2_v2_pending
legacy_stage2_baselines,stage2,stage2/output/baselines,legacy directory,fb38799,legacy_unfrozen_lineage,exploratory,legacy_only,dispatch-time versus estimated-link-entry availability requires re-audit,canonical_stage2_v2_pending
legacy_stage2_causal_features,stage2,stage2/output/causal_features,legacy directory,fb38799,legacy_unfrozen_lineage,exploratory,legacy_only,dispatch-time versus estimated-link-entry availability requires re-audit,canonical_stage2_v2_pending
legacy_stage2_causal_features_smoke,stage2,stage2/output/causal_features_smoke,legacy directory,fb38799,legacy_unfrozen_lineage,exploratory,legacy_only,dispatch-time versus estimated-link-entry availability requires re-audit,canonical_stage2_v2_pending
legacy_stage2_controlled_scaling,stage2,stage2/output/controlled_scaling,legacy directory,fb38799,legacy_unfrozen_lineage,exploratory,legacy_only,dispatch-time versus estimated-link-entry availability requires re-audit,canonical_stage2_v2_pending
legacy_stage2_deep_baselines,stage2,stage2/output/deep_baselines,legacy directory,fb38799,legacy_unfrozen_lineage,exploratory,legacy_only,dispatch-time versus estimated-link-entry availability requires re-audit,canonical_stage2_v2_pending
legacy_stage2_deep_baselines_v2,stage2,stage2/output/deep_baselines_v2,legacy directory,fb38799,legacy_unfrozen_lineage,exploratory,legacy_only,dispatch-time versus estimated-link-entry availability requires re-audit,canonical_stage2_v2_pending
legacy_stage2_deep_eval_metrics,stage2,stage2/output/deep_eval_metrics,legacy directory,fb38799,legacy_unfrozen_lineage,exploratory,legacy_only,dispatch-time versus estimated-link-entry availability requires re-audit,canonical_stage2_v2_pending
legacy_stage2_deep_model_report.md,stage2,stage2/output/deep_model_report.md,legacy file,fb38799,legacy_unfrozen_lineage,exploratory,legacy_only,dispatch-time versus estimated-link-entry availability requires re-audit,canonical_stage2_v2_pending
legacy_stage2_deep_model_v2_report.md,stage2,stage2/output/deep_model_v2_report.md,legacy file,fb38799,legacy_unfrozen_lineage,exploratory,legacy_only,dispatch-time versus estimated-link-entry availability requires re-audit,canonical_stage2_v2_pending
legacy_stage2_deep_predictions,stage2,stage2/output/deep_predictions,legacy directory,fb38799,legacy_unfrozen_lineage,exploratory,legacy_only,dispatch-time versus estimated-link-entry availability requires re-audit,canonical_stage2_v2_pending
legacy_stage2_deep_predictions_30k,stage2,stage2/output/deep_predictions_30k,legacy directory,fb38799,legacy_unfrozen_lineage,exploratory,legacy_only,dispatch-time versus estimated-link-entry availability requires re-audit,canonical_stage2_v2_pending
legacy_stage2_deep_predictions_v2,stage2,stage2/output/deep_predictions_v2,legacy directory,fb38799,legacy_unfrozen_lineage,exploratory,legacy_only,dispatch-time versus estimated-link-entry availability requires re-audit,canonical_stage2_v2_pending
legacy_stage2_deep_v3,stage2,stage2/output/deep_v3,legacy directory,fb38799,legacy_unfrozen_lineage,exploratory,legacy_only,dispatch-time versus estimated-link-entry availability requires re-audit,canonical_stage2_v2_pending
legacy_stage2_deep_v3_100k,stage2,stage2/output/deep_v3_100k,legacy directory,fb38799,legacy_unfrozen_lineage,exploratory,legacy_only,dispatch-time versus estimated-link-entry availability requires re-audit,canonical_stage2_v2_pending
legacy_stage2_deep_v3_5k,stage2,stage2/output/deep_v3_5k,legacy directory,fb38799,legacy_unfrozen_lineage,exploratory,legacy_only,dispatch-time versus estimated-link-entry availability requires re-audit,canonical_stage2_v2_pending
legacy_stage2_deep_v3_full_day_20161023,stage2,stage2/output/deep_v3_full_day_20161023,legacy directory,fb38799,legacy_unfrozen_lineage,exploratory,legacy_only,dispatch-time versus estimated-link-entry availability requires re-audit,canonical_stage2_v2_pending
legacy_stage2_deep_v3_scaling_300k,stage2,stage2/output/deep_v3_scaling_300k,legacy directory,fb38799,legacy_unfrozen_lineage,exploratory,legacy_only,dispatch-time versus estimated-link-entry availability requires re-audit,canonical_stage2_v2_pending
legacy_stage2_deep_v3_stage3_rolling_100k,stage2,stage2/output/deep_v3_stage3_rolling_100k,legacy directory,fb38799,legacy_unfrozen_lineage,exploratory,legacy_only,dispatch-time versus estimated-link-entry availability requires re-audit,canonical_stage2_v2_pending
legacy_stage2_deep_v3_tensor_shards_100k,stage2,stage2/output/deep_v3_tensor_shards_100k,legacy directory,fb38799,legacy_unfrozen_lineage,exploratory,legacy_only,dispatch-time versus estimated-link-entry availability requires re-audit,canonical_stage2_v2_pending
legacy_stage2_deep_v3_tensor_shards_5k,stage2,stage2/output/deep_v3_tensor_shards_5k,legacy directory,fb38799,legacy_unfrozen_lineage,exploratory,legacy_only,dispatch-time versus estimated-link-entry availability requires re-audit,canonical_stage2_v2_pending
legacy_stage2_deep_v3_tensor_shards_smoke,stage2,stage2/output/deep_v3_tensor_shards_smoke,legacy directory,fb38799,legacy_unfrozen_lineage,exploratory,legacy_only,dispatch-time versus estimated-link-entry availability requires re-audit,canonical_stage2_v2_pending
legacy_stage2_deep_v3_tensor_shards_smoke_predictions,stage2,stage2/output/deep_v3_tensor_shards_smoke_predictions,legacy directory,fb38799,legacy_unfrozen_lineage,exploratory,legacy_only,dispatch-time versus estimated-link-entry availability requires re-audit,canonical_stage2_v2_pending
legacy_stage2_deep_v3_tensor_shards_smoke_train,stage2,stage2/output/deep_v3_tensor_shards_smoke_train,legacy directory,fb38799,legacy_unfrozen_lineage,exploratory,legacy_only,dispatch-time versus estimated-link-entry availability requires re-audit,canonical_stage2_v2_pending
legacy_stage2_deep_v3_tensor_shards_stage3_rolling_100k,stage2,stage2/output/deep_v3_tensor_shards_stage3_rolling_100k,legacy directory,fb38799,legacy_unfrozen_lineage,exploratory,legacy_only,dispatch-time versus estimated-link-entry availability requires re-audit,canonical_stage2_v2_pending
legacy_stage2_iis_coverage_audit,stage2,stage2/output/iis_coverage_audit,legacy directory,fb38799,legacy_unfrozen_lineage,exploratory,legacy_only,dispatch-time versus estimated-link-entry availability requires re-audit,canonical_stage2_v2_pending
legacy_stage2_iis_coverage_audit_15k,stage2,stage2/output/iis_coverage_audit_15k,legacy directory,fb38799,legacy_unfrozen_lineage,exploratory,legacy_only,dispatch-time versus estimated-link-entry availability requires re-audit,canonical_stage2_v2_pending
legacy_stage2_iis_coverage_audit_15k_joined,stage2,stage2/output/iis_coverage_audit_15k_joined,legacy directory,fb38799,legacy_unfrozen_lineage,exploratory,legacy_only,dispatch-time versus estimated-link-entry availability requires re-audit,canonical_stage2_v2_pending
legacy_stage2_iis_coverage_audit_stage3_20161020_23,stage2,stage2/output/iis_coverage_audit_stage3_20161020_23,legacy directory,fb38799,legacy_unfrozen_lineage,exploratory,legacy_only,dispatch-time versus estimated-link-entry availability requires re-audit,canonical_stage2_v2_pending
legacy_stage2_iis_movement_audit,stage2,stage2/output/iis_movement_audit,legacy directory,fb38799,legacy_unfrozen_lineage,exploratory,legacy_only,dispatch-time versus estimated-link-entry availability requires re-audit,canonical_stage2_v2_pending
legacy_stage2_iis_movement_causal_dataset,stage2,stage2/output/iis_movement_causal_dataset,legacy directory,fb38799,legacy_unfrozen_lineage,exploratory,legacy_only,dispatch-time versus estimated-link-entry availability requires re-audit,canonical_stage2_v2_pending
legacy_stage2_iis_movement_causal_dataset_15k,stage2,stage2/output/iis_movement_causal_dataset_15k,legacy directory,fb38799,legacy_unfrozen_lineage,exploratory,legacy_only,dispatch-time versus estimated-link-entry availability requires re-audit,canonical_stage2_v2_pending
legacy_stage2_iis_movement_smoke,stage2,stage2/output/iis_movement_smoke,legacy directory,fb38799,legacy_unfrozen_lineage,exploratory,legacy_only,dispatch-time versus estimated-link-entry availability requires re-audit,canonical_stage2_v2_pending
legacy_stage2_label_audit,stage2,stage2/output/label_audit,legacy directory,fb38799,legacy_unfrozen_lineage,exploratory,legacy_only,dispatch-time versus estimated-link-entry availability requires re-audit,canonical_stage2_v2_pending
legacy_stage2_lagged_state_store,stage2,stage2/output/lagged_state_store,legacy directory,fb38799,legacy_unfrozen_lineage,exploratory,legacy_only,dispatch-time versus estimated-link-entry availability requires re-audit,canonical_stage2_v2_pending
legacy_stage2_lagged_state_store_smoke,stage2,stage2/output/lagged_state_store_smoke,legacy directory,fb38799,legacy_unfrozen_lineage,exploratory,legacy_only,dispatch-time versus estimated-link-entry availability requires re-audit,canonical_stage2_v2_pending
legacy_stage2_link_dataset,stage2,stage2/output/link_dataset,legacy directory,fb38799,legacy_unfrozen_lineage,exploratory,legacy_only,dispatch-time versus estimated-link-entry availability requires re-audit,canonical_stage2_v2_pending
legacy_stage2_od_planned_routes_all_smoke,stage2,stage2/output/od_planned_routes_all_smoke,legacy directory,fb38799,legacy_unfrozen_lineage,exploratory,legacy_only,dispatch-time versus estimated-link-entry availability requires re-audit,canonical_stage2_v2_pending
legacy_stage2_od_planned_routes_component_smoke,stage2,stage2/output/od_planned_routes_component_smoke,legacy directory,fb38799,legacy_unfrozen_lineage,exploratory,legacy_only,dispatch-time versus estimated-link-entry availability requires re-audit,canonical_stage2_v2_pending
legacy_stage2_od_planned_routes_geometry_smoke,stage2,stage2/output/od_planned_routes_geometry_smoke,legacy directory,fb38799,legacy_unfrozen_lineage,exploratory,legacy_only,dispatch-time versus estimated-link-entry availability requires re-audit,canonical_stage2_v2_pending
legacy_stage2_od_planned_routes_smoke,stage2,stage2/output/od_planned_routes_smoke,legacy directory,fb38799,legacy_unfrozen_lineage,exploratory,legacy_only,dispatch-time versus estimated-link-entry availability requires re-audit,canonical_stage2_v2_pending
legacy_stage2_order_features,stage2,stage2/output/order_features,legacy directory,fb38799,legacy_unfrozen_lineage,exploratory,legacy_only,dispatch-time versus estimated-link-entry availability requires re-audit,canonical_stage2_v2_pending
legacy_stage2_planned_route_causal_dataset,stage2,stage2/output/planned_route_causal_dataset,legacy directory,fb38799,legacy_unfrozen_lineage,exploratory,legacy_only,dispatch-time versus estimated-link-entry availability requires re-audit,canonical_stage2_v2_pending
legacy_stage2_planned_route_causal_dataset_full_20161023,stage2,stage2/output/planned_route_causal_dataset_full_20161023,legacy directory,fb38799,legacy_unfrozen_lineage,exploratory,legacy_only,dispatch-time versus estimated-link-entry availability requires re-audit,canonical_stage2_v2_pending
legacy_stage2_planned_route_causal_smoke,stage2,stage2/output/planned_route_causal_smoke,legacy directory,fb38799,legacy_unfrozen_lineage,exploratory,legacy_only,dispatch-time versus estimated-link-entry availability requires re-audit,canonical_stage2_v2_pending
legacy_stage2_planned_route_dataset,stage2,stage2/output/planned_route_dataset,legacy directory,fb38799,legacy_unfrozen_lineage,exploratory,legacy_only,dispatch-time versus estimated-link-entry availability requires re-audit,canonical_stage2_v2_pending
legacy_stage2_planned_route_dataset_smoke,stage2,stage2/output/planned_route_dataset_smoke,legacy directory,fb38799,legacy_unfrozen_lineage,exploratory,legacy_only,dispatch-time versus estimated-link-entry availability requires re-audit,canonical_stage2_v2_pending
legacy_stage2_planned_route_shortest_smoke,stage2,stage2/output/planned_route_shortest_smoke,legacy directory,fb38799,legacy_unfrozen_lineage,exploratory,legacy_only,dispatch-time versus estimated-link-entry availability requires re-audit,canonical_stage2_v2_pending
legacy_stage2_predictability_ceiling,stage2,stage2/output/predictability_ceiling,legacy directory,fb38799,legacy_unfrozen_lineage,exploratory,legacy_only,dispatch-time versus estimated-link-entry availability requires re-audit,canonical_stage2_v2_pending
legacy_stage2_predictability_ceiling_smoke,stage2,stage2/output/predictability_ceiling_smoke,legacy directory,fb38799,legacy_unfrozen_lineage,exploratory,legacy_only,dispatch-time versus estimated-link-entry availability requires re-audit,canonical_stage2_v2_pending
legacy_stage2_rolling_fair_eval,stage2,stage2/output/rolling_fair_eval,legacy directory,fb38799,legacy_unfrozen_lineage,exploratory,legacy_only,dispatch-time versus estimated-link-entry availability requires re-audit,canonical_stage2_v2_pending
legacy_stage2_rolling_fair_eval_actual_route_oracle,stage2,stage2/output/rolling_fair_eval_actual_route_oracle,legacy directory,fb38799,legacy_unfrozen_lineage,exploratory,legacy_only,dispatch-time versus estimated-link-entry availability requires re-audit,canonical_stage2_v2_pending
legacy_stage2_rolling_fair_eval_iis,stage2,stage2/output/rolling_fair_eval_iis,legacy directory,fb38799,legacy_unfrozen_lineage,exploratory,legacy_only,dispatch-time versus estimated-link-entry availability requires re-audit,canonical_stage2_v2_pending
legacy_stage2_rolling_oof_eval,stage2,stage2/output/rolling_oof_eval,legacy directory,fb38799,legacy_unfrozen_lineage,exploratory,legacy_only,dispatch-time versus estimated-link-entry availability requires re-audit,canonical_stage2_v2_pending
legacy_stage2_rolling_profiles,stage2,stage2/output/rolling_profiles,legacy directory,fb38799,legacy_unfrozen_lineage,exploratory,legacy_only,dispatch-time versus estimated-link-entry availability requires re-audit,canonical_stage2_v2_pending
legacy_stage2_rolling_profiles_smoke,stage2,stage2/output/rolling_profiles_smoke,legacy directory,fb38799,legacy_unfrozen_lineage,exploratory,legacy_only,dispatch-time versus estimated-link-entry availability requires re-audit,canonical_stage2_v2_pending
legacy_stage2_route_conditioned_dataset,stage2,stage2/output/route_conditioned_dataset,legacy directory,fb38799,legacy_unfrozen_lineage,exploratory,legacy_only,dispatch-time versus estimated-link-entry availability requires re-audit,canonical_stage2_v2_pending
legacy_stage2_route_conditioned_dataset_15k,stage2,stage2/output/route_conditioned_dataset_15k,legacy directory,fb38799,legacy_unfrozen_lineage,exploratory,legacy_only,dispatch-time versus estimated-link-entry availability requires re-audit,canonical_stage2_v2_pending
legacy_stage2_route_conditioned_dataset_5k,stage2,stage2/output/route_conditioned_dataset_5k,legacy directory,fb38799,legacy_unfrozen_lineage,exploratory,legacy_only,dispatch-time versus estimated-link-entry availability requires re-audit,canonical_stage2_v2_pending
legacy_stage2_route_conditioned_dataset_full_20161023,stage2,stage2/output/route_conditioned_dataset_full_20161023,legacy directory,fb38799,legacy_unfrozen_lineage,exploratory,legacy_only,dispatch-time versus estimated-link-entry availability requires re-audit,canonical_stage2_v2_pending
legacy_stage2_route_conditioned_dataset_full_20161023_lagged,stage2,stage2/output/route_conditioned_dataset_full_20161023_lagged,legacy directory,fb38799,legacy_unfrozen_lineage,exploratory,legacy_only,dispatch-time versus estimated-link-entry availability requires re-audit,canonical_stage2_v2_pending
legacy_stage2_route_conditioned_eval,stage2,stage2/output/route_conditioned_eval,legacy directory,fb38799,legacy_unfrozen_lineage,exploratory,legacy_only,dispatch-time versus estimated-link-entry availability requires re-audit,canonical_stage2_v2_pending
legacy_stage2_routes,stage2,stage2/output/routes,legacy directory,fb38799,legacy_unfrozen_lineage,exploratory,legacy_only,dispatch-time versus estimated-link-entry availability requires re-audit,canonical_stage2_v2_pending
legacy_stage2_storage_audit,stage2,stage2/output/storage_audit,legacy directory,fb38799,legacy_unfrozen_lineage,exploratory,legacy_only,dispatch-time versus estimated-link-entry availability requires re-audit,canonical_stage2_v2_pending
legacy_stage2_strict_rolling_report,stage2,stage2/output/strict_rolling_report,legacy directory,fb38799,legacy_unfrozen_lineage,exploratory,legacy_only,dispatch-time versus estimated-link-entry availability requires re-audit,canonical_stage2_v2_pending
legacy_stage2_strict_targets,stage2,stage2/output/strict_targets,legacy directory,fb38799,legacy_unfrozen_lineage,exploratory,legacy_only,dispatch-time versus estimated-link-entry availability requires re-audit,canonical_stage2_v2_pending
legacy_stage2_strict_targets_smoke,stage2,stage2/output/strict_targets_smoke,legacy directory,fb38799,legacy_unfrozen_lineage,exploratory,legacy_only,dispatch-time versus estimated-link-entry availability requires re-audit,canonical_stage2_v2_pending
legacy_stage3_condition_vector_cases,stage3,stage3/output/condition_vector_cases,legacy directory,fb38799,legacy_unfrozen_lineage,exploratory,legacy_only,"legacy Stage2 inputs, calibration isolation, overall semantics, and full-day scale require rebuild",canonical_stage3_v2_pending
legacy_stage3_condition_vector_validity,stage3,stage3/output/condition_vector_validity,legacy directory,fb38799,legacy_unfrozen_lineage,exploratory,legacy_only,"legacy Stage2 inputs, calibration isolation, overall semantics, and full-day scale require rebuild",canonical_stage3_v2_pending
legacy_stage3_core_extended_ablation,stage3,stage3/output/core_extended_ablation,legacy directory,fb38799,legacy_unfrozen_lineage,exploratory,legacy_only,"legacy Stage2 inputs, calibration isolation, overall semantics, and full-day scale require rebuild",canonical_stage3_v2_pending
legacy_stage3_daily_readiness_20161017_23,stage3,stage3/output/daily_readiness_20161017_23,legacy directory,fb38799,legacy_unfrozen_lineage,exploratory,legacy_only,"legacy Stage2 inputs, calibration isolation, overall semantics, and full-day scale require rebuild",canonical_stage3_v2_pending
legacy_stage3_deepsets,stage3,stage3/output/deepsets,legacy directory,fb38799,legacy_unfrozen_lineage,exploratory,legacy_only,"legacy Stage2 inputs, calibration isolation, overall semantics, and full-day scale require rebuild",canonical_stage3_v2_pending
legacy_stage3_deepsets_iis15k_core,stage3,stage3/output/deepsets_iis15k_core,legacy directory,fb38799,legacy_unfrozen_lineage,exploratory,legacy_only,"legacy Stage2 inputs, calibration isolation, overall semantics, and full-day scale require rebuild",canonical_stage3_v2_pending
legacy_stage3_deepsets_iis15k_iis_dropout,stage3,stage3/output/deepsets_iis15k_iis_dropout,legacy directory,fb38799,legacy_unfrozen_lineage,exploratory,legacy_only,"legacy Stage2 inputs, calibration isolation, overall semantics, and full-day scale require rebuild",canonical_stage3_v2_pending
legacy_stage3_evaluation,stage3,stage3/output/evaluation,legacy directory,fb38799,legacy_unfrozen_lineage,exploratory,legacy_only,"legacy Stage2 inputs, calibration isolation, overall semantics, and full-day scale require rebuild",canonical_stage3_v2_pending
legacy_stage3_full_day_20161023,stage3,stage3/output/full_day_20161023,legacy directory,fb38799,legacy_unfrozen_lineage,exploratory,legacy_only,"legacy Stage2 inputs, calibration isolation, overall semantics, and full-day scale require rebuild",canonical_stage3_v2_pending
legacy_stage3_order_features,stage3,stage3/output/order_features,legacy directory,fb38799,legacy_unfrozen_lineage,exploratory,legacy_only,"legacy Stage2 inputs, calibration isolation, overall semantics, and full-day scale require rebuild",canonical_stage3_v2_pending
legacy_stage3_order_features_iis15k,stage3,stage3/output/order_features_iis15k,legacy directory,fb38799,legacy_unfrozen_lineage,exploratory,legacy_only,"legacy Stage2 inputs, calibration isolation, overall semantics, and full-day scale require rebuild",canonical_stage3_v2_pending
legacy_stage3_order_targets,stage3,stage3/output/order_targets,legacy directory,fb38799,legacy_unfrozen_lineage,exploratory,legacy_only,"legacy Stage2 inputs, calibration isolation, overall semantics, and full-day scale require rebuild",canonical_stage3_v2_pending
legacy_stage3_order_targets_iis15k,stage3,stage3/output/order_targets_iis15k,legacy directory,fb38799,legacy_unfrozen_lineage,exploratory,legacy_only,"legacy Stage2 inputs, calibration isolation, overall semantics, and full-day scale require rebuild",canonical_stage3_v2_pending
legacy_stage3_rolling_order_features,stage3,stage3/output/rolling_order_features,legacy directory,fb38799,legacy_unfrozen_lineage,exploratory,legacy_only,"legacy Stage2 inputs, calibration isolation, overall semantics, and full-day scale require rebuild",canonical_stage3_v2_pending
legacy_stage3_rolling_order_targets,stage3,stage3/output/rolling_order_targets,legacy directory,fb38799,legacy_unfrozen_lineage,exploratory,legacy_only,"legacy Stage2 inputs, calibration isolation, overall semantics, and full-day scale require rebuild",canonical_stage3_v2_pending
legacy_stage3_rolling_stage2_prediction_warehouse,stage3,stage3/output/rolling_stage2_prediction_warehouse,legacy directory,fb38799,legacy_unfrozen_lineage,exploratory,legacy_only,"legacy Stage2 inputs, calibration isolation, overall semantics, and full-day scale require rebuild",canonical_stage3_v2_pending
legacy_stage3_rule_baseline,stage3,stage3/output/rule_baseline,legacy directory,fb38799,legacy_unfrozen_lineage,exploratory,legacy_only,"legacy Stage2 inputs, calibration isolation, overall semantics, and full-day scale require rebuild",canonical_stage3_v2_pending
legacy_stage3_stage2_heldout_daily_20161017_23,stage3,stage3/output/stage2_heldout_daily_20161017_23,legacy directory,fb38799,legacy_unfrozen_lineage,exploratory,legacy_only,"legacy Stage2 inputs, calibration isolation, overall semantics, and full-day scale require rebuild",canonical_stage3_v2_pending
legacy_stage3_stage2_prediction_warehouse,stage3,stage3/output/stage2_prediction_warehouse,legacy directory,fb38799,legacy_unfrozen_lineage,exploratory,legacy_only,"legacy Stage2 inputs, calibration isolation, overall semantics, and full-day scale require rebuild",canonical_stage3_v2_pending
legacy_stage3_stage2_prediction_warehouse_iis15k,stage3,stage3/output/stage2_prediction_warehouse_iis15k,legacy directory,fb38799,legacy_unfrozen_lineage,exploratory,legacy_only,"legacy Stage2 inputs, calibration isolation, overall semantics, and full-day scale require rebuild",canonical_stage3_v2_pending
legacy_stage3_stage4_inputs_core,stage3,stage3/output/stage4_inputs_core,legacy directory,fb38799,legacy_unfrozen_lineage,exploratory,legacy_only,"legacy Stage2 inputs, calibration isolation, overall semantics, and full-day scale require rebuild",canonical_stage3_v2_pending
legacy_stage3_stage4_inputs_core_v2,stage3,stage3/output/stage4_inputs_core_v2,legacy directory,fb38799,legacy_unfrozen_lineage,exploratory,legacy_only,"legacy Stage2 inputs, calibration isolation, overall semantics, and full-day scale require rebuild",canonical_stage3_v2_pending
legacy_stage3_stage4_inputs_final,stage3,stage3/output/stage4_inputs_final,legacy directory,fb38799,legacy_unfrozen_lineage,exploratory,legacy_only,"legacy Stage2 inputs, calibration isolation, overall semantics, and full-day scale require rebuild",canonical_stage3_v2_pending
legacy_stage3_tabular_predictor,stage3,stage3/output/tabular_predictor,legacy directory,fb38799,legacy_unfrozen_lineage,exploratory,legacy_only,"legacy Stage2 inputs, calibration isolation, overall semantics, and full-day scale require rebuild",canonical_stage3_v2_pending
legacy_stage4_capability_mapping,stage4,stage4/output/capability_mapping,legacy directory,fb38799,legacy_unfrozen_lineage,exploratory,legacy_only,legacy upstream inputs; historical duration/test-calibrated capability contamination risk,canonical_stage4_v2_pending
legacy_stage4_capability_mapping_final,stage4,stage4/output/capability_mapping_final,legacy directory,fb38799,legacy_unfrozen_lineage,exploratory,legacy_only,legacy upstream inputs; historical duration/test-calibrated capability contamination risk,canonical_stage4_v2_pending
legacy_stage4_capability_mapping_v2,stage4,stage4/output/capability_mapping_v2,legacy directory,fb38799,legacy_unfrozen_lineage,exploratory,legacy_only,legacy upstream inputs; historical duration/test-calibrated capability contamination risk,canonical_stage4_v2_pending
legacy_stage4_capability_sensitivity,stage4,stage4/output/capability_sensitivity,legacy directory,fb38799,legacy_unfrozen_lineage,exploratory,legacy_only,legacy upstream inputs; historical duration/test-calibrated capability contamination risk,canonical_stage4_v2_pending
legacy_stage4_decoupled_abm,stage4,stage4/output/decoupled_abm,legacy directory,fb38799,legacy_unfrozen_lineage,exploratory,legacy_only,legacy upstream inputs; historical duration/test-calibrated capability contamination risk,canonical_stage4_v2_pending
legacy_stage4_decoupled_abm_smoke_safe_rep1.err.log,stage4,stage4/output/decoupled_abm_smoke_safe_rep1.err.log,legacy file,fb38799,legacy_unfrozen_lineage,exploratory,legacy_only,legacy upstream inputs; historical duration/test-calibrated capability contamination risk,canonical_stage4_v2_pending
legacy_stage4_decoupled_abm_smoke_safe_rep1.out.log,stage4,stage4/output/decoupled_abm_smoke_safe_rep1.out.log,legacy file,fb38799,legacy_unfrozen_lineage,exploratory,legacy_only,legacy upstream inputs; historical duration/test-calibrated capability contamination risk,canonical_stage4_v2_pending
legacy_stage4_decoupled_environment,stage4,stage4/output/decoupled_environment,legacy directory,fb38799,legacy_unfrozen_lineage,exploratory,legacy_only,legacy upstream inputs; historical duration/test-calibrated capability contamination risk,canonical_stage4_v2_pending
legacy_stage4_dynamic_dispatch_v2,stage4,stage4/output/dynamic_dispatch_v2,legacy directory,fb38799,legacy_unfrozen_lineage,exploratory,legacy_only,legacy upstream inputs; historical duration/test-calibrated capability contamination risk,canonical_stage4_v2_pending
legacy_stage4_fleetpy_cross_validation,stage4,stage4/output/fleetpy_cross_validation,legacy directory,fb38799,legacy_unfrozen_lineage,exploratory,legacy_only,legacy upstream inputs; historical duration/test-calibrated capability contamination risk,canonical_stage4_v2_pending
legacy_stage4_fleetpy_runtime,stage4,stage4/output/fleetpy_runtime,legacy directory,fb38799,legacy_unfrozen_lineage,exploratory,legacy_only,legacy upstream inputs; historical duration/test-calibrated capability contamination risk,canonical_stage4_v2_pending
legacy_stage4_fleetpy_writable_test,stage4,stage4/output/fleetpy_writable_test,legacy directory,fb38799,legacy_unfrozen_lineage,exploratory,legacy_only,legacy upstream inputs; historical duration/test-calibrated capability contamination risk,canonical_stage4_v2_pending
legacy_stage4_initial_fleet_snapshots,stage4,stage4/output/initial_fleet_snapshots,legacy directory,fb38799,legacy_unfrozen_lineage,exploratory,legacy_only,legacy upstream inputs; historical duration/test-calibrated capability contamination risk,canonical_stage4_v2_pending
legacy_stage4_legacy_exploratory,stage4,stage4/output/legacy_exploratory,legacy directory,fb38799,legacy_unfrozen_lineage,exploratory,legacy_only,legacy upstream inputs; historical duration/test-calibrated capability contamination risk,canonical_stage4_v2_pending
legacy_stage4_odd_gated_dry_run,stage4,stage4/output/odd_gated_dry_run,legacy directory,fb38799,legacy_unfrozen_lineage,exploratory,legacy_only,legacy upstream inputs; historical duration/test-calibrated capability contamination risk,canonical_stage4_v2_pending
legacy_stage4_pricing_dispatch,stage4,stage4/output/pricing_dispatch,legacy directory,fb38799,legacy_unfrozen_lineage,exploratory,legacy_only,legacy upstream inputs; historical duration/test-calibrated capability contamination risk,canonical_stage4_v2_pending
legacy_stage4_pricing_dispatch_debug,stage4,stage4/output/pricing_dispatch_debug,legacy directory,fb38799,legacy_unfrozen_lineage,exploratory,legacy_only,legacy upstream inputs; historical duration/test-calibrated capability contamination risk,canonical_stage4_v2_pending
legacy_stage4_pricing_dispatch_final_run.err.log,stage4,stage4/output/pricing_dispatch_final_run.err.log,legacy file,fb38799,legacy_unfrozen_lineage,exploratory,legacy_only,legacy upstream inputs; historical duration/test-calibrated capability contamination risk,canonical_stage4_v2_pending
legacy_stage4_pricing_dispatch_final_run.jobid,stage4,stage4/output/pricing_dispatch_final_run.jobid,legacy file,fb38799,legacy_unfrozen_lineage,exploratory,legacy_only,legacy upstream inputs; historical duration/test-calibrated capability contamination risk,canonical_stage4_v2_pending
legacy_stage4_pricing_dispatch_final_run.log,stage4,stage4/output/pricing_dispatch_final_run.log,legacy file,fb38799,legacy_unfrozen_lineage,exploratory,legacy_only,legacy upstream inputs; historical duration/test-calibrated capability contamination risk,canonical_stage4_v2_pending
legacy_stage4_pricing_dispatch_final_run.pid,stage4,stage4/output/pricing_dispatch_final_run.pid,legacy file,fb38799,legacy_unfrozen_lineage,exploratory,legacy_only,legacy upstream inputs; historical duration/test-calibrated capability contamination risk,canonical_stage4_v2_pending
legacy_stage4_pricing_dispatch_smoke,stage4,stage4/output/pricing_dispatch_smoke,legacy directory,fb38799,legacy_unfrozen_lineage,exploratory,legacy_only,legacy upstream inputs; historical duration/test-calibrated capability contamination risk,canonical_stage4_v2_pending
legacy_stage4_pricing_dispatch_smoke_final,stage4,stage4/output/pricing_dispatch_smoke_final,legacy directory,fb38799,legacy_unfrozen_lineage,exploratory,legacy_only,legacy upstream inputs; historical duration/test-calibrated capability contamination risk,canonical_stage4_v2_pending
legacy_stage4_pricing_dispatch_v2,stage4,stage4/output/pricing_dispatch_v2,legacy directory,fb38799,legacy_unfrozen_lineage,exploratory,legacy_only,legacy upstream inputs; historical duration/test-calibrated capability contamination risk,canonical_stage4_v2_pending
legacy_stage4_pricing_dispatch_v2_fullmain,stage4,stage4/output/pricing_dispatch_v2_fullmain,legacy directory,fb38799,legacy_unfrozen_lineage,exploratory,legacy_only,legacy upstream inputs; historical duration/test-calibrated capability contamination risk,canonical_stage4_v2_pending
legacy_stage4_simulator_v3,stage4,stage4/output/simulator_v3,legacy directory,fb38799,legacy_unfrozen_lineage,exploratory,legacy_only,legacy upstream inputs; historical duration/test-calibrated capability contamination risk,canonical_stage4_v2_pending
legacy_stage4_simulator_v3_balanced_validation,stage4,stage4/output/simulator_v3_balanced_validation,legacy directory,fb38799,legacy_unfrozen_lineage,exploratory,legacy_only,legacy upstream inputs; historical duration/test-calibrated capability contamination risk,canonical_stage4_v2_pending
legacy_stage4_simulator_v3_candidate_sensitivity,stage4,stage4/output/simulator_v3_candidate_sensitivity,legacy directory,fb38799,legacy_unfrozen_lineage,exploratory,legacy_only,legacy upstream inputs; historical duration/test-calibrated capability contamination risk,canonical_stage4_v2_pending
legacy_stage4_simulator_v3_final_smoke,stage4,stage4/output/simulator_v3_final_smoke,legacy directory,fb38799,legacy_unfrozen_lineage,exploratory,legacy_only,legacy upstream inputs; historical duration/test-calibrated capability contamination risk,canonical_stage4_v2_pending
legacy_stage4_simulator_v3_integration_smoke,stage4,stage4/output/simulator_v3_integration_smoke,legacy directory,fb38799,legacy_unfrozen_lineage,exploratory,legacy_only,legacy upstream inputs; historical duration/test-calibrated capability contamination risk,canonical_stage4_v2_pending
legacy_stage4_simulator_v3_perf_smoke,stage4,stage4/output/simulator_v3_perf_smoke,legacy directory,fb38799,legacy_unfrozen_lineage,exploratory,legacy_only,legacy upstream inputs; historical duration/test-calibrated capability contamination risk,canonical_stage4_v2_pending
legacy_stage4_simulator_v3_phase12_smoke,stage4,stage4/output/simulator_v3_phase12_smoke,legacy directory,fb38799,legacy_unfrozen_lineage,exploratory,legacy_only,legacy upstream inputs; historical duration/test-calibrated capability contamination risk,canonical_stage4_v2_pending
legacy_stage4_single_day_20161023,stage4,stage4/output/single_day_20161023,legacy directory,fb38799,legacy_unfrozen_lineage,exploratory,legacy_only,legacy upstream inputs; historical duration/test-calibrated capability contamination risk,canonical_stage4_v2_pending
legacy_stage4_vendor,stage4,stage4/output/vendor,legacy directory,fb38799,legacy_unfrozen_lineage,exploratory,legacy_only,legacy upstream inputs; historical duration/test-calibrated capability contamination risk,canonical_stage4_v2_pending
legacy_stage4_full_day_calibrated_profile,stage4,stage4/config/vehicle_capability_profiles.json#full_day_calibrated,test-population calibrated capability sensitivity profile,fb38799,20161023 full-day distribution,deprecated,sensitivity_only,test-day population calibration; prohibited in canonical counterfactual runs,pre_registered_exogenous_capability_profile_v2
