date,order_id,from_link_id,to_link_id,reason
20161019,049dc7e405e10096d32e668e436ce902,290629737_2664,187184131_2651,flagged_direction_gap
20161019,049dc7e405e10096d32e668e436ce902,187184131_2651,290629737_2664,flagged_direction_gap
20161019,049dc7e405e10096d32e668e436ce902,263859123_2663,28275322_2661,flagged_direction_gap
20161019,049dc7e405e10096d32e668e436ce902,28275322_2661,28258007_2668,flagged_direction_gap
20161019,049dc7e405e10096d32e668e436ce902,28258007_2668,334648921_2397,flagged_direction_gap
20161019,049dc7e405e10096d32e668e436ce902,334648922_2382,162540379_2393,flagged_direction_gap
20161019,049dc7e405e10096d32e668e436ce902,162540379_2393,162541223_2381,flagged_direction_gap
20161019,049dc7e405e10096d32e668e436ce902,162541223_2381,28340419_2383,flagged_direction_gap
20161019,049dc7e405e10096d32e668e436ce902,334648925_2555,89567417_2568,flagged_direction_gap
20161019,049dc7e405e10096d32e668e436ce902,89567417_2568,334648925_2555,flagged_direction_gap
20161019,049dc7e405e10096d32e668e436ce902,334648925_2555,258738676_2551,flagged_direction_gap
20161019,049dc7e405e10096d32e668e436ce902,258738676_2551,334648925_2555,flagged_direction_gap
20161019,049dc7e405e10096d32e668e436ce902,263738531_2553,334648927_2544,flagged_direction_gap
20161019,049dc7e405e10096d32e668e436ce902,152427995_2559,152427991_2563,flagged_direction_gap
20161019,049dc7e405e10096d32e668e436ce902,152427991_2563,264453197_8806,flagged_direction_gap
20161019,049dc7e405e10096d32e668e436ce902,264453197_8806,152427993_8794,flagged_direction_gap
20161019,049dc7e405e10096d32e668e436ce902,152427993_8794,264453197_8806,flagged_direction_gap
20161019,049dc7e405e10096d32e668e436ce902,264453197_8806,152427993_8794,flagged_direction_gap
20161019,049dc7e405e10096d32e668e436ce902,155248440_8810,152427989_8811,flagged_direction_gap
20161019,049dc7e405e10096d32e668e436ce902,152427989_8811,263738593_8825,flagged_direction_gap
20161019,049dc7e405e10096d32e668e436ce902,263738593_8825,263774840_8823,flagged_direction_gap
20161019,049dc7e405e10096d32e668e436ce902,263774840_8823,152427720_8815,flagged_direction_gap
20161019,049dc7e405e10096d32e668e436ce902,263738593_8825,152428008_8842,flagged_direction_gap
20161019,049dc7e405e10096d32e668e436ce902,152428008_8842,263486164_8865,flagged_direction_gap
20161019,049dc7e405e10096d32e668e436ce902,263486164_8865,152427983_8844,flagged_direction_gap
20161019,049dc7e405e10096d32e668e436ce902,335697690_8868,335697689_8866,flagged_direction_gap
20161019,049dc7e405e10096d32e668e436ce902,335697689_8866,263486160_8829,flagged_direction_gap
20161019,074b1da24c566432c398fb8c97c22679,142432188_2601,89567410_2603,flagged_direction_gap
20161019,074b1da24c566432c398fb8c97c22679,28258942_4118,246573569_4117,flagged_direction_gap
20161019,0a074b0a1a46b5c57a738a4a3450ff2a,142323474_8451,231867124_8469,flagged_direction_gap
20161019,0a074b0a1a46b5c57a738a4a3450ff2a,231867124_8469,266795185_8447,flagged_direction_gap
20161019,0a074b0a1a46b5c57a738a4a3450ff2a,259480950_2325,55691954_2323,flagged_direction_gap
20161019,0a074b0a1a46b5c57a738a4a3450ff2a,55691954_2323,28258924_2310,flagged_direction_gap
20161019,0a39c0cfb09e06451867270d77ce6890,334283252_3790,266795172_3791,flagged_direction_gap
20161019,0bd453e937f3462a2cdba1f29875f884,142432188_2601,89567410_2603,flagged_direction_gap
20161019,0bd453e937f3462a2cdba1f29875f884,89567417_2568,258738678_2548,flagged_direction_gap
20161019,0bd453e937f3462a2cdba1f29875f884,258738681_2552,334648925_2555,flagged_direction_gap
20161019,0bd453e937f3462a2cdba1f29875f884,264453194_8816,152427720_8815,flagged_direction_gap
20161019,0bd453e937f3462a2cdba1f29875f884,142323482_8778,235264614_8773,flagged_direction_gap
20161019,0bd453e937f3462a2cdba1f29875f884,235264614_8773,26174009_2303,flagged_direction_gap
20161019,0bd453e937f3462a2cdba1f29875f884,59140295_10162,457307902_10169,flagged_direction_gap
20161019,0e0a0340439fc45f28972fb8fabe66b2,28484384_4164,258081767_4171,flagged_direction_gap
20161019,0e0a0340439fc45f28972fb8fabe66b2,258081767_4171,142324640_4286,flagged_direction_gap
20161019,0e0a0340439fc45f28972fb8fabe66b2,142324643_4314,59140301_4321,flagged_direction_gap
20161019,0e0a0340439fc45f28972fb8fabe66b2,59140301_4321,59140303_4326,flagged_direction_gap
20161019,0e0a0340439fc45f28972fb8fabe66b2,59140303_4326,40541063_4327,flagged_direction_gap
20161019,0e0a0340439fc45f28972fb8fabe66b2,40541063_4327,59140339_4320,flagged_direction_gap
20161019,0e0a0340439fc45f28972fb8fabe66b2,59140339_4320,59140337_4325,flagged_direction_gap
20161019,0e0a0340439fc45f28972fb8fabe66b2,59140337_4325,142321459_10143,flagged_direction_gap
20161019,0e0a0340439fc45f28972fb8fabe66b2,28358447_10155,59140337_4325,flagged_direction_gap
20161019,0e0a0340439fc45f28972fb8fabe66b2,59128881_10184,59140341_10181,flagged_direction_gap
20161019,0e0a0340439fc45f28972fb8fabe66b2,457983494_10156,28358447_10155,flagged_direction_gap
20161019,102a605bb178cc3802fdac1e1914896a,263776787_4738,28358449_4742,flagged_direction_gap
20161019,10b949601fdf526eb45adbc62816f396,290629749_3788,59140353_2621,flagged_direction_gap
20161019,10b949601fdf526eb45adbc62816f396,59140353_2621,290629746_3789,flagged_direction_gap
20161019,10b949601fdf526eb45adbc62816f396,457984361_2718,277672360_2721,flagged_direction_gap
20161019,10b949601fdf526eb45adbc62816f396,277672360_2721,457984513_2719,flagged_direction_gap
20161019,10b949601fdf526eb45adbc62816f396,290629742_2712,59140309_2692,flagged_direction_gap
20161019,10b949601fdf526eb45adbc62816f396,59140309_2692,247811774_2691,flagged_direction_gap
20161019,10b949601fdf526eb45adbc62816f396,247811774_2691,290629737_2664,flagged_direction_gap
20161019,10b949601fdf526eb45adbc62816f396,290629737_2664,187184112_2679,flagged_direction_gap
20161019,10b949601fdf526eb45adbc62816f396,187184112_2679,187184116_2655,flagged_direction_gap
20161019,10b949601fdf526eb45adbc62816f396,187184116_2655,310063377_2687,flagged_direction_gap
20161019,10b949601fdf526eb45adbc62816f396,28461936_2686,187184122_2652,flagged_direction_gap
20161019,10b949601fdf526eb45adbc62816f396,187184122_2652,187184131_2651,flagged_direction_gap
20161019,10b949601fdf526eb45adbc62816f396,187184131_2651,335518633_2650,flagged_direction_gap
20161019,18560c9726e3423f1f46ae178311fc06,278244726_2646,335518633_2650,flagged_direction_gap
20161019,18560c9726e3423f1f46ae178311fc06,381473317_2629,162532768_2499,flagged_direction_gap
20161019,18560c9726e3423f1f46ae178311fc06,162532768_2499,258738965_2521,flagged_direction_gap
20161019,18e5b589c40096211a03fdf11e6ab22e,30525582_2363,212724759_2361,flagged_direction_gap
20161019,18e5b589c40096211a03fdf11e6ab22e,212724759_2361,55696746_2360,flagged_direction_gap
20161019,18e5b589c40096211a03fdf11e6ab22e,55696746_2360,334648915_2358,flagged_direction_gap
20161019,18e5b589c40096211a03fdf11e6ab22e,334648915_2358,335527364_2362,flagged_direction_gap
20161019,18e5b589c40096211a03fdf11e6ab22e,152428516_2373,162532783_2416,flagged_direction_gap
20161019,18e5b589c40096211a03fdf11e6ab22e,162532783_2416,162532761_2422,flagged_direction_gap
20161019,18e5b589c40096211a03fdf11e6ab22e,162532761_2422,162532768_2499,flagged_direction_gap
20161019,18e5b589c40096211a03fdf11e6ab22e,162658756_2525,310063377_2687,flagged_direction_gap
20161019,1acb70fcaee8c88c7c86c7dde7095b5f,142320604_2589,28340418_2560,flagged_direction_gap
20161019,1acb70fcaee8c88c7c86c7dde7095b5f,28340418_2560,334648929_2545,flagged_direction_gap
20161019,1acb70fcaee8c88c7c86c7dde7095b5f,334648919_2377,142432186_2353,flagged_direction_gap
20161019,1acb70fcaee8c88c7c86c7dde7095b5f,142432189_2346,28275321_1874,flagged_direction_gap
20161019,1acb70fcaee8c88c7c86c7dde7095b5f,28275321_1874,235103632_1884,flagged_direction_gap
20161019,1c8226bdcd2ee3fd02866b69cbae43be,254607360_4735,28358450_4736,flagged_direction_gap
20161019,1c8226bdcd2ee3fd02866b69cbae43be,335525201_10190,245286916_10192,flagged_direction_gap
20161019,1cd16f96c9cfb1c462a168ad763fb26b,266795205_2235,260087891_2263,flagged_direction_gap
20161019,1d160970f69a2f11f5eff653cfa48d90,28258007_2668,258742307_2667,flagged_direction_gap
20161019,1d160970f69a2f11f5eff653cfa48d90,258742307_2667,28275322_2661,flagged_direction_gap
20161019,1d160970f69a2f11f5eff653cfa48d90,28275322_2661,263859123_2663,flagged_direction_gap
20161019,1d160970f69a2f11f5eff653cfa48d90,263859123_2663,310063377_2687,flagged_direction_gap
20161019,1d160970f69a2f11f5eff653cfa48d90,310063377_2687,335518633_2650,flagged_direction_gap
20161019,1e456711a978f0a087f2c052949d230b,266773682_2220,334648176_2136,flagged_direction_gap
20161019,1e456711a978f0a087f2c052949d230b,334648176_2136,266773682_2220,flagged_direction_gap
20161019,1e456711a978f0a087f2c052949d230b,55696747_1910,55697488_1911,flagged_direction_gap
20161019,20e7d8ae9902b77ebbdb4588eb80f29e,28484384_4164,55682332_4282,flagged_direction_gap
20161019,20e7d8ae9902b77ebbdb4588eb80f29e,457307901_4128,245283764_4126,flagged_direction_gap
20161019,20e7d8ae9902b77ebbdb4588eb80f29e,245283764_4126,277665653_4125,flagged_direction_gap
20161019,20e7d8ae9902b77ebbdb4588eb80f29e,277665653_4125,277666483_4120,flagged_direction_gap
20161019,22c8fa1a9b156b6ba424af39e3b34e22,263485686_8792,152427993_8794,flagged_direction_gap
20161019,22c8fa1a9b156b6ba424af39e3b34e22,263738592_8824,152428008_8842,flagged_direction_gap
20161019,22c8fa1a9b156b6ba424af39e3b34e22,152428008_8842,263738594_8839,flagged_direction_gap
20161020,00b5ef897b007b407dc89179459f446a,247811772_2676,187184112_2679,flagged_direction_gap
20161020,00b5ef897b007b407dc89179459f446a,187184112_2679,290629737_2664,flagged_direction_gap
20161020,00b5ef897b007b407dc89179459f446a,337335333_4368,59140342_4377,flagged_direction_gap
20161020,00b8fec4ccf7b038329eee4ac4e922a0,259480949_2293,28258924_2310,flagged_direction_gap
20161020,00b8fec4ccf7b038329eee4ac4e922a0,28258924_2310,258738675_2546,flagged_direction_gap
20161020,00b8fec4ccf7b038329eee4ac4e922a0,258738675_2546,263738530_2547,flagged_direction_gap
20161020,00b8fec4ccf7b038329eee4ac4e922a0,263738530_2547,382975677_2313,flagged_direction_gap
20161020,00b8fec4ccf7b038329eee4ac4e922a0,382975677_2313,263738530_2547,flagged_direction_gap
20161020,00b8fec4ccf7b038329eee4ac4e922a0,334648928_2543,28340418_2560,flagged_direction_gap
20161020,00b8fec4ccf7b038329eee4ac4e922a0,152427995_2559,264453197_8806,flagged_direction_gap
20161020,00b8fec4ccf7b038329eee4ac4e922a0,264453197_8806,152427993_8794,flagged_direction_gap
20161020,00b8fec4ccf7b038329eee4ac4e922a0,155248440_8810,152427989_8811,flagged_direction_gap
20161020,00b8fec4ccf7b038329eee4ac4e922a0,152427989_8811,263738593_8825,flagged_direction_gap
20161020,00b8fec4ccf7b038329eee4ac4e922a0,263738593_8825,263774840_8823,flagged_direction_gap
20161020,00b8fec4ccf7b038329eee4ac4e922a0,263774840_8823,263774845_8826,flagged_direction_gap
20161020,00b8fec4ccf7b038329eee4ac4e922a0,263774845_8826,263738593_8825,flagged_direction_gap
20161020,00b8fec4ccf7b038329eee4ac4e922a0,263738593_8825,152428008_8842,flagged_direction_gap
20161020,00b8fec4ccf7b038329eee4ac4e922a0,152428008_8842,263486164_8865,flagged_direction_gap
20161020,00b8fec4ccf7b038329eee4ac4e922a0,263486164_8865,152427983_8844,flagged_direction_gap
20161020,00b8fec4ccf7b038329eee4ac4e922a0,263486162_8862,263572145_8878,flagged_direction_gap
20161020,023f525334d78ec18bf5320d2381f554,266583975_10026,156592802_10050,flagged_direction_gap
20161020,023f525334d78ec18bf5320d2381f554,156592797_10020,236608003_9495,flagged_direction_gap
20161020,023f525334d78ec18bf5320d2381f554,236608003_9495,156592801_9493,flagged_direction_gap
20161020,055e8bce03df95009204e9610b5ec011,335518776_10096,335525203_10129,flagged_direction_gap
20161020,05dbc0dcdb88b2b724112ee10f4d9b8d,266583975_10026,156592802_10050,flagged_direction_gap
20161020,05dbc0dcdb88b2b724112ee10f4d9b8d,266583954_9486,335518753_9286,flagged_direction_gap
20161020,09827ed93bffcd44ea0663e366a6a8d2,337129680_9991,258248751_9995,flagged_direction_gap
20161020,09827ed93bffcd44ea0663e366a6a8d2,447556632_9993,337335334_9999,flagged_direction_gap
20161020,0c17575567d8c7df691cd0187b42cfad,59868459_4279,266957160_4410,flagged_direction_gap
20161020,0ca535dc9bebf20f7caf450a99aca26c,55696766_2335,55696757_2451,flagged_direction_gap
20161020,0ca535dc9bebf20f7caf450a99aca26c,55696757_2451,55696766_2335,flagged_direction_gap
20161020,0ca535dc9bebf20f7caf450a99aca26c,335527368_2389,334648917_2387,flagged_direction_gap
20161020,0ca535dc9bebf20f7caf450a99aca26c,334648916_2386,162540373_2388,flagged_direction_gap
20161020,0ca535dc9bebf20f7caf450a99aca26c,162540373_2388,258738962_2390,flagged_direction_gap
20161020,0ca535dc9bebf20f7caf450a99aca26c,258738962_2390,28340415_2395,flagged_direction_gap
20161020,0ca535dc9bebf20f7caf450a99aca26c,28340415_2395,162540373_2388,flagged_direction_gap
20161020,0ca535dc9bebf20f7caf450a99aca26c,162540373_2388,258738963_2365,flagged_direction_gap
20161020,0ca535dc9bebf20f7caf450a99aca26c,258738963_2365,162540373_2388,flagged_direction_gap
20161020,0ca535dc9bebf20f7caf450a99aca26c,162540373_2388,334648923_2380,flagged_direction_gap
20161020,0ca535dc9bebf20f7caf450a99aca26c,334648922_2382,162541223_2381,flagged_direction_gap
20161020,0ca535dc9bebf20f7caf450a99aca26c,162541223_2381,28340419_2383,flagged_direction_gap
20161020,0ca535dc9bebf20f7caf450a99aca26c,334648925_2555,258738676_2551,flagged_direction_gap
20161020,0ca535dc9bebf20f7caf450a99aca26c,258738676_2551,334648927_2544,flagged_direction_gap
20161020,0ca535dc9bebf20f7caf450a99aca26c,152427995_2559,152427991_2563,flagged_direction_gap
20161020,0ca535dc9bebf20f7caf450a99aca26c,152427991_2563,264453197_8806,flagged_direction_gap
20161020,0ca535dc9bebf20f7caf450a99aca26c,264453197_8806,152427993_8794,flagged_direction_gap
20161020,0ca535dc9bebf20f7caf450a99aca26c,155248440_8810,152427989_8811,flagged_direction_gap
20161020,0ca535dc9bebf20f7caf450a99aca26c,152427989_8811,263738593_8825,flagged_direction_gap
20161020,0ca535dc9bebf20f7caf450a99aca26c,263738593_8825,152428008_8842,flagged_direction_gap
20161020,0ca535dc9bebf20f7caf450a99aca26c,152428008_8842,263486164_8865,flagged_direction_gap
20161020,0ca535dc9bebf20f7caf450a99aca26c,263486164_8865,152427983_8844,flagged_direction_gap
20161020,0ca535dc9bebf20f7caf450a99aca26c,263486162_8862,263572145_8878,flagged_direction_gap
20161020,0ca535dc9bebf20f7caf450a99aca26c,156593889_8906,334802600_8905,flagged_direction_gap
20161020,0ca535dc9bebf20f7caf450a99aca26c,263609699_9165,391522183_8943,flagged_direction_gap
20161020,0ca535dc9bebf20f7caf450a99aca26c,391522183_8943,263609699_9165,flagged_direction_gap
20161020,0ca535dc9bebf20f7caf450a99aca26c,309154011_9224,272736180_9259,flagged_direction_gap
20161020,0ca535dc9bebf20f7caf450a99aca26c,272736180_9259,267625223_9268,flagged_direction_gap
20161020,0ca535dc9bebf20f7caf450a99aca26c,267625223_9268,309154011_9224,flagged_direction_gap
20161020,0ca535dc9bebf20f7caf450a99aca26c,333404380_9958,148830908_9984,flagged_direction_gap
20161020,0ca535dc9bebf20f7caf450a99aca26c,148830908_9984,333404380_9958,flagged_direction_gap
20161020,0f05b6fc0b1b85e82e993c9853bb57b3,335513936_2221,55696757_2451,flagged_direction_gap
20161020,0f05b6fc0b1b85e82e993c9853bb57b3,55696757_2451,55696766_2335,flagged_direction_gap
20161020,0f05b6fc0b1b85e82e993c9853bb57b3,55696766_2335,55696765_2334,flagged_direction_gap
20161020,0f05b6fc0b1b85e82e993c9853bb57b3,334648914_2342,142432186_2353,flagged_direction_gap
20161020,0f05b6fc0b1b85e82e993c9853bb57b3,142432189_2346,295965991_1925,flagged_direction_gap
20161020,0f05b6fc0b1b85e82e993c9853bb57b3,295965991_1925,258738673_2278,flagged_direction_gap
20161020,0f5f4a8bdd6d1b87e04596cd9689901c,335518761_9514,156592791_10021,flagged_direction_gap
20161020,0f5f4a8bdd6d1b87e04596cd9689901c,156592798_10051,266583972_10056,flagged_direction_gap
20161020,0f5f4a8bdd6d1b87e04596cd9689901c,266583979_10095,28258015_10091,flagged_direction_gap
20161020,102af2cc22564729f5b961dd66065144,142321458_4372,142321460_4351,flagged_direction_gap
20161020,102af2cc22564729f5b961dd66065144,142321460_4351,59140345_4341,flagged_direction_gap
20161020,102af2cc22564729f5b961dd66065144,59140345_4341,59140315_4362,flagged_direction_gap
20161020,102af2cc22564729f5b961dd66065144,59140315_4362,59140302_4307,flagged_direction_gap
20161020,102af2cc22564729f5b961dd66065144,59140302_4307,59868470_4291,flagged_direction_gap
20161020,102af2cc22564729f5b961dd66065144,59868470_4291,337335331_4304,flagged_direction_gap
20161020,11177c708bb947a2bff90193eec4c522,258738667_2572,28340417_2566,flagged_direction_gap
20161020,140dd02b957f3cce8afa805ab25a19cf,28276817_4647,181353849_4635,flagged_direction_gap
20161020,140dd02b957f3cce8afa805ab25a19cf,181353849_4635,28276817_4647,flagged_direction_gap
20161020,15f099b44ae22f4f572b5cf4bc2c6e72,235264614_8773,142323482_8778,flagged_direction_gap
20161020,15f099b44ae22f4f572b5cf4bc2c6e72,28340417_2566,258738667_2572,flagged_direction_gap
20161020,15f099b44ae22f4f572b5cf4bc2c6e72,258738667_2572,28340417_2566,flagged_direction_gap
20161020,15f099b44ae22f4f572b5cf4bc2c6e72,334648919_2377,142432186_2353,flagged_direction_gap
20161020,15f099b44ae22f4f572b5cf4bc2c6e72,142432189_2346,28275321_1874,flagged_direction_gap
20161020,15f099b44ae22f4f572b5cf4bc2c6e72,28275321_1874,235103632_1884,flagged_direction_gap
20161020,16db365f99292fbe8320c12119a56272,335560623_2217,266773682_2220,flagged_direction_gap
20161020,19cf1297a81aab83606221c25f779217,337335333_4368,337335331_4304,flagged_direction_gap
20161020,1ec6760ee08ffb86c48aff88783cf211,137828494_2580,152427722_8872,flagged_direction_gap
20161020,1f91edac8a568e48e59d765c6c905077,28484384_4164,59128886_4178,flagged_direction_gap
20161020,1f91edac8a568e48e59d765c6c905077,59140301_4321,142324647_4315,flagged_direction_gap
20161020,213de6670795a9603bda510cd08d471f,266957160_4410,277555003_4267,flagged_direction_gap
20161020,2237a809aafafb5d2edb3b364e215fa0,142324640_4286,337335331_4304,flagged_direction_gap
20161020,2237a809aafafb5d2edb3b364e215fa0,28258922_2604,148832617_3793,flagged_direction_gap
20161020,2237a809aafafb5d2edb3b364e215fa0,148832617_3793,28258922_2604,flagged_direction_gap
20161020,2237a809aafafb5d2edb3b364e215fa0,89567417_2568,258738678_2548,flagged_direction_gap
20161020,2237a809aafafb5d2edb3b364e215fa0,258738681_2552,334648925_2555,flagged_direction_gap
20161020,2237a809aafafb5d2edb3b364e215fa0,28340418_2560,142320604_2589,flagged_direction_gap
20161020,2237a809aafafb5d2edb3b364e215fa0,142320604_2589,235264734_2578,flagged_direction_gap
20161020,2237a809aafafb5d2edb3b364e215fa0,235264734_2578,28340418_2560,flagged_direction_gap
20161020,2237a809aafafb5d2edb3b364e215fa0,264453194_8816,263738597_8782,flagged_direction_gap
20161020,2237a809aafafb5d2edb3b364e215fa0,263738597_8782,152427720_8815,flagged_direction_gap
20161022,006e0198bba6974df99b197b902cfe40,142432188_2601,28340417_2566,flagged_direction_gap
20161022,006e0198bba6974df99b197b902cfe40,152428516_2373,162532783_2416,flagged_direction_gap
20161022,006e0198bba6974df99b197b902cfe40,162532783_2416,162540374_2633,flagged_direction_gap
20161022,006e0198bba6974df99b197b902cfe40,28275322_2661,258742307_2667,flagged_direction_gap
20161022,006e0198bba6974df99b197b902cfe40,258742307_2667,28461936_2686,flagged_direction_gap
20161022,006e0198bba6974df99b197b902cfe40,28461936_2686,212722769_2602,flagged_direction_gap
20161022,0097e2e0a513b99519a5d154bf9ccd7d,337335333_4368,337335331_4304,flagged_direction_gap
20161022,0097e2e0a513b99519a5d154bf9ccd7d,266746954_2571,258738682_2396,flagged_direction_gap
20161022,0097e2e0a513b99519a5d154bf9ccd7d,334648921_2397,258742307_2667,flagged_direction_gap
20161022,05885b904aa9e4dc3619fbb9bd9ceca4,335518754_9274,245402096_9305,flagged_direction_gap
20161022,0946fd780dc4681bbdba49431c7e69ca,337335333_4368,59140338_4734,flagged_direction_gap
20161022,0ef511f47bbbadfc8fbec65f74320f72,264562126_8923,334648936_8919,flagged_direction_gap
20161022,0ef511f47bbbadfc8fbec65f74320f72,334802599_8864,156593905_8875,flagged_direction_gap
20161022,0ef511f47bbbadfc8fbec65f74320f72,152427991_2563,26174011_2565,flagged_direction_gap
20161022,0ef511f47bbbadfc8fbec65f74320f72,162532790_2500,162540383_2627,flagged_direction_gap
20161022,0ef511f47bbbadfc8fbec65f74320f72,162540383_2627,162532933_2408,flagged_direction_gap
20161022,0ef511f47bbbadfc8fbec65f74320f72,162532933_2408,381473319_2222,flagged_direction_gap
20161022,0ef511f47bbbadfc8fbec65f74320f72,381473319_2222,55696757_2451,flagged_direction_gap
20161022,191777f86ddc50eca7ef72ec8dcbed49,260087891_2263,259480949_2293,flagged_direction_gap
20161022,191777f86ddc50eca7ef72ec8dcbed49,334648915_2358,335527364_2362,flagged_direction_gap
20161022,1b6feaf6eb1815a0c38c04e239692ffd,335518776_10096,335525203_10129,flagged_direction_gap
20161022,21174ab842057ea2b458476e725e750f,246573569_4117,28258942_4118,flagged_direction_gap
20161022,21174ab842057ea2b458476e725e750f,28258922_2604,390004582_2605,flagged_direction_gap
20161022,2213e05edf44c3d780760b74d7a3dc1b,142432189_2346,55697488_1911,flagged_direction_gap
20161022,23dd03d264df7344d8b640a7b05f32d6,266847611_10430,266583979_10095,flagged_direction_gap
20161022,24f1c1c07f2bba7125cd4e5eea064660,266583965_9473,335518753_9286,flagged_direction_gap
20161022,285d7903d01b284520d41c36a298356e,142323472_8540,272804279_8766,flagged_direction_gap
20161022,285d7903d01b284520d41c36a298356e,272804279_8766,263572152_8751,flagged_direction_gap
20161022,285d7903d01b284520d41c36a298356e,142323482_8778,235264614_8773,flagged_direction_gap
20161022,285d7903d01b284520d41c36a298356e,235264614_8773,26174009_2303,flagged_direction_gap
20161022,285d7903d01b284520d41c36a298356e,266795179_4103,59868467_4148,flagged_direction_gap
20161022,285d7903d01b284520d41c36a298356e,59868467_4148,266795179_4103,flagged_direction_gap
20161022,285d7903d01b284520d41c36a298356e,59140337_4325,142324647_4315,flagged_direction_gap
20161022,285d7903d01b284520d41c36a298356e,142324647_4315,59140301_4321,flagged_direction_gap
20161022,288610cd5208637ccafb52246a79ec99,59140315_4362,59140302_4307,flagged_direction_gap
20161022,288610cd5208637ccafb52246a79ec99,59140302_4307,59868470_4291,flagged_direction_gap
20161022,288610cd5208637ccafb52246a79ec99,59868470_4291,337335331_4304,flagged_direction_gap
20161022,2963086c5abaeeb3bb6833c685b00619,334648934_2579,137828494_2580,flagged_direction_gap
20161022,2963086c5abaeeb3bb6833c685b00619,137828494_2580,152427722_8872,flagged_direction_gap
20161022,2d62d348a4031c3f1955d49138a727c2,28296475_4216,59868448_4217,flagged_direction_gap
20161022,2d62d348a4031c3f1955d49138a727c2,59868448_4217,242758174_4229,flagged_direction_gap
20161022,2d62d348a4031c3f1955d49138a727c2,242758174_4229,456638608_4231,flagged_direction_gap
20161022,2d62d348a4031c3f1955d49138a727c2,456638608_4231,242758174_4229,flagged_direction_gap
20161022,2d62d348a4031c3f1955d49138a727c2,242758174_4229,277555003_4267,flagged_direction_gap
20161022,2d62d348a4031c3f1955d49138a727c2,277555003_4267,447556696_4426,flagged_direction_gap
20161022,2f90faa37caf40d1bfc45990dfc0372e,55684798_2296,55692239_2275,flagged_direction_gap
20161022,2f90faa37caf40d1bfc45990dfc0372e,55692239_2275,55684798_2296,flagged_direction_gap
20161022,2f90faa37caf40d1bfc45990dfc0372e,266795205_2235,260087891_2263,flagged_direction_gap
20161022,2f90faa37caf40d1bfc45990dfc0372e,260087891_2263,28258939_2352,flagged_direction_gap
20161022,339995114504e547e4d8b342986506ef,277672363_3949,28296475_4216,flagged_direction_gap
20161022,339995114504e547e4d8b342986506ef,28296475_4216,333403960_4209,flagged_direction_gap
20161022,353ba05dc0762f3b09566b57bb5bcd76,28258007_2668,258742307_2667,flagged_direction_gap
20161022,353ba05dc0762f3b09566b57bb5bcd76,258742307_2667,457984361_2718,flagged_direction_gap
20161022,353ba05dc0762f3b09566b57bb5bcd76,457984361_2718,258742307_2667,flagged_direction_gap
20161022,353ba05dc0762f3b09566b57bb5bcd76,277672363_3949,28296475_4216,flagged_direction_gap
20161022,353ba05dc0762f3b09566b57bb5bcd76,28296475_4216,59868404_4221,flagged_direction_gap
20161022,3586f27528c2d54a3191c21198651a87,337335340_9193,333418723_9194,flagged_direction_gap
20161022,3586f27528c2d54a3191c21198651a87,333418723_9194,337335340_9193,flagged_direction_gap
20161022,3586f27528c2d54a3191c21198651a87,337335340_9193,148316128_9190,flagged_direction_gap
20161022,3586f27528c2d54a3191c21198651a87,148316128_9190,337335340_9193,flagged_direction_gap
20161022,3586f27528c2d54a3191c21198651a87,337335340_9193,148832618_9189,flagged_direction_gap
20161022,3586f27528c2d54a3191c21198651a87,148832618_9189,337335340_9193,flagged_direction_gap
20161022,3586f27528c2d54a3191c21198651a87,152427722_8872,137828494_2580,flagged_direction_gap
20161022,3586f27528c2d54a3191c21198651a87,137828494_2580,152427722_8872,flagged_direction_gap
20161022,3586f27528c2d54a3191c21198651a87,152427722_8872,263486158_8846,flagged_direction_gap
20161022,3586f27528c2d54a3191c21198651a87,263486158_8846,263774838_8835,flagged_direction_gap
20161022,3586f27528c2d54a3191c21198651a87,263774838_8835,152427985_8814,flagged_direction_gap
20161022,3586f27528c2d54a3191c21198651a87,152427985_8814,170357393_8845,flagged_direction_gap
20161022,3586f27528c2d54a3191c21198651a87,152427720_8815,264453194_8816,flagged_direction_gap
20161022,3586f27528c2d54a3191c21198651a87,264453194_8816,152427720_8815,flagged_direction_gap
20161022,3586f27528c2d54a3191c21198651a87,152427720_8815,266995293_8807,flagged_direction_gap
20161022,3586f27528c2d54a3191c21198651a87,266995293_8807,142323482_8778,flagged_direction_gap
20161022,3586f27528c2d54a3191c21198651a87,142323461_8750,272804279_8766,flagged_direction_gap
20161022,3586f27528c2d54a3191c21198651a87,272804279_8766,142323461_8750,flagged_direction_gap
20161022,3586f27528c2d54a3191c21198651a87,142323461_8750,142323476_8748,flagged_direction_gap
20161022,3586f27528c2d54a3191c21198651a87,142323476_8748,142323464_8471,flagged_direction_gap
20161022,3682d1cac66b91a991ff0063845a19ac,257224673_4214,258742300_3952,flagged_direction_gap
20161022,3682d1cac66b91a991ff0063845a19ac,258742300_3952,257224673_4214,flagged_direction_gap
20161022,3682d1cac66b91a991ff0063845a19ac,257224673_4214,48795850_3950,flagged_direction_gap
20161022,3682d1cac66b91a991ff0063845a19ac,48795850_3950,257224673_4214,flagged_direction_gap
20161022,3682d1cac66b91a991ff0063845a19ac,254489533_4305,39820414_4283,flagged_direction_gap
20161022,39838310915bb47eae440936573e7bfc,334283254_8958,285109330_8955,flagged_direction_gap
20161022,39838310915bb47eae440936573e7bfc,285109330_8955,334283254_8958,flagged_direction_gap
20161022,39838310915bb47eae440936573e7bfc,334283254_8958,378402211_8962,flagged_direction_gap
20161022,39838310915bb47eae440936573e7bfc,378402211_8962,370672200_8961,flagged_direction_gap
20161022,39838310915bb47eae440936573e7bfc,334802603_9029,378402213_9030,flagged_direction_gap
20161022,39838310915bb47eae440936573e7bfc,378402213_9030,293499685_9031,flagged_direction_gap
20161022,39838310915bb47eae440936573e7bfc,156592791_10021,335518762_9510,flagged_direction_gap
20161022,39838310915bb47eae440936573e7bfc,335518762_9510,156592791_10021,flagged_direction_gap
20161022,39838310915bb47eae440936573e7bfc,156592798_10051,380719198_10025,flagged_direction_gap
20161022,39838310915bb47eae440936573e7bfc,380719198_10025,156592798_10051,flagged_direction_gap
20161022,39838310915bb47eae440936573e7bfc,156592798_10051,266583972_10056,flagged_direction_gap
20161022,39838310915bb47eae440936573e7bfc,266583979_10095,266847611_10430,flagged_direction_gap
20161022,3aed28430a0c266bd15d45c5ddf48895,28275321_1874,142432186_2353,flagged_direction_gap
20161022,3aed28430a0c266bd15d45c5ddf48895,142432186_2353,334648919_2377,flagged_direction_gap
20161022,3aed28430a0c266bd15d45c5ddf48895,334648922_2382,258742307_2667,flagged_direction_gap
20161022,3aed28430a0c266bd15d45c5ddf48895,258742307_2667,245402041_2673,flagged_direction_gap
20161022,3c27d124f6f0d127a47d9340fa8750fa,334283254_8958,378402211_8962,flagged_direction_gap
20161022,3c27d124f6f0d127a47d9340fa8750fa,378402213_9030,293499685_9031,flagged_direction_gap
20161022,3fe804bd19e116b608c544dd58892767,246573542_3938,40541062_3937,flagged_direction_gap
20161023,02f77db30ffc4e9641694fcde8bec106,266957160_4410,456638631_4409,flagged_direction_gap
20161023,02f77db30ffc4e9641694fcde8bec106,456638631_4409,266957160_4410,flagged_direction_gap
20161023,02f77db30ffc4e9641694fcde8bec106,266957160_4410,59140287_4389,flagged_direction_gap
20161023,02f77db30ffc4e9641694fcde8bec106,59140287_4389,266957160_4410,flagged_direction_gap
20161023,02f77db30ffc4e9641694fcde8bec106,254489533_4305,59868470_4291,flagged_direction_gap
20161023,02f77db30ffc4e9641694fcde8bec106,59868470_4291,337335331_4304,flagged_direction_gap
20161023,054c6acce203adbeb8a5f4ac17ae3ab8,258742307_2667,285112030_2671,flagged_direction_gap
20161023,054c6acce203adbeb8a5f4ac17ae3ab8,245402043_2670,28258007_2668,flagged_direction_gap
20161023,054c6acce203adbeb8a5f4ac17ae3ab8,28258007_2668,334648921_2397,flagged_direction_gap
20161023,054c6acce203adbeb8a5f4ac17ae3ab8,334648922_2382,162540379_2393,flagged_direction_gap
20161023,054c6acce203adbeb8a5f4ac17ae3ab8,28340418_2560,259480950_2325,flagged_direction_gap
20161023,054c6acce203adbeb8a5f4ac17ae3ab8,259480950_2325,55691954_2323,flagged_direction_gap
20161023,0adc354f4d8984b2d4e67152716c9350,142323598_8462,266992731_8496,flagged_direction_gap
20161023,0adc354f4d8984b2d4e67152716c9350,230274092_8493,291702550_8533,flagged_direction_gap
20161023,0cd8b66127239c9abb7e7b67c460c9ba,334648915_2358,335527364_2362,flagged_direction_gap
20161023,0cd8b66127239c9abb7e7b67c460c9ba,334648916_2386,162540373_2388,flagged_direction_gap
20161023,0cd8b66127239c9abb7e7b67c460c9ba,162540373_2388,30525582_2363,flagged_direction_gap
20161023,0cd8b66127239c9abb7e7b67c460c9ba,30525582_2363,162540373_2388,flagged_direction_gap
20161023,0cd8b66127239c9abb7e7b67c460c9ba,162540373_2388,30525582_2363,flagged_direction_gap
20161023,0cd8b66127239c9abb7e7b67c460c9ba,30525582_2363,162540373_2388,flagged_direction_gap
20161023,0cd8b66127239c9abb7e7b67c460c9ba,162540373_2388,30525582_2363,flagged_direction_gap
20161023,0cd8b66127239c9abb7e7b67c460c9ba,334648922_2382,162540379_2393,flagged_direction_gap
20161023,0cd8b66127239c9abb7e7b67c460c9ba,155248440_8810,152427989_8811,flagged_direction_gap
20161023,0cd8b66127239c9abb7e7b67c460c9ba,152427989_8811,263738592_8824,flagged_direction_gap
20161023,0cd8b66127239c9abb7e7b67c460c9ba,263738592_8824,152428008_8842,flagged_direction_gap
20161023,0cd8b66127239c9abb7e7b67c460c9ba,152428008_8842,263738594_8839,flagged_direction_gap
20161023,0cd8b66127239c9abb7e7b67c460c9ba,293499685_9031,231866355_9013,flagged_direction_gap
20161023,0deb580a8c0082a72b67eead88739e47,457984513_2719,258742298_2720,flagged_direction_gap
20161023,0deb580a8c0082a72b67eead88739e47,258742298_2720,457984513_2719,flagged_direction_gap
20161023,0deb580a8c0082a72b67eead88739e47,457984513_2719,246573559_3894,flagged_direction_gap
20161023,0deb580a8c0082a72b67eead88739e47,246573559_3894,290629743_2711,flagged_direction_gap
20161023,0f7533ef6be0cfb8481c22ee575f8dcf,263609699_9165,148315979_9205,flagged_direction_gap
20161023,0f7533ef6be0cfb8481c22ee575f8dcf,148315979_9205,148315970_9209,flagged_direction_gap
20161023,0f7533ef6be0cfb8481c22ee575f8dcf,231865404_8915,381956609_8926,flagged_direction_gap
20161023,0f7533ef6be0cfb8481c22ee575f8dcf,152427991_2563,26174011_2565,flagged_direction_gap
20161023,0f7533ef6be0cfb8481c22ee575f8dcf,28340417_2566,258738664_2574,flagged_direction_gap
20161023,0f7533ef6be0cfb8481c22ee575f8dcf,258738664_2574,89567410_2603,flagged_direction_gap
20161023,0f7533ef6be0cfb8481c22ee575f8dcf,89567410_2603,28461936_2686,flagged_direction_gap
20161023,111c099f057fa6cfec4a7a14f6860616,55697488_1911,295965991_1925,flagged_direction_gap
20161023,111c099f057fa6cfec4a7a14f6860616,457067485_2251,235262497_2250,flagged_direction_gap
20161023,118a7c6437e5bccd4f9dd8583484ecba,290629739_2710,258742307_2667,flagged_direction_gap
20161023,118a7c6437e5bccd4f9dd8583484ecba,277672363_3949,246573568_3948,flagged_direction_gap
20161023,14563f3045eae2378cf825908d04b70e,260087891_2263,28258939_2352,flagged_direction_gap
20161023,14563f3045eae2378cf825908d04b70e,28258939_2352,142432186_2353,flagged_direction_gap
20161023,14563f3045eae2378cf825908d04b70e,142432186_2353,55696746_2360,flagged_direction_gap
20161023,14563f3045eae2378cf825908d04b70e,55696746_2360,212724759_2361,flagged_direction_gap
20161023,14e3acf2ceba3f4ec5d099c21a6932cd,55696766_2335,55696765_2334,flagged_direction_gap
20161023,14e3acf2ceba3f4ec5d099c21a6932cd,259480949_2293,28258924_2310,flagged_direction_gap
20161023,17719487c9da65c5a1d75924334a6bcc,142324647_4315,59140337_4325,flagged_direction_gap
20161023,17719487c9da65c5a1d75924334a6bcc,28484384_4164,59128886_4178,flagged_direction_gap
20161023,17719487c9da65c5a1d75924334a6bcc,59128886_4178,28484384_4164,flagged_direction_gap
20161023,17719487c9da65c5a1d75924334a6bcc,28484384_4164,263309128_4168,flagged_direction_gap
20161023,17719487c9da65c5a1d75924334a6bcc,263309128_4168,28484384_4164,flagged_direction_gap
20161023,17719487c9da65c5a1d75924334a6bcc,28484384_4164,258081767_4171,flagged_direction_gap
20161023,17719487c9da65c5a1d75924334a6bcc,258081767_4171,55682332_4282,flagged_direction_gap
20161023,17719487c9da65c5a1d75924334a6bcc,55682332_4282,28484384_4164,flagged_direction_gap
20161023,17719487c9da65c5a1d75924334a6bcc,28484384_4164,245280129_4167,flagged_direction_gap
20161023,17719487c9da65c5a1d75924334a6bcc,245280129_4167,28484384_4164,flagged_direction_gap
20161023,18e730f03be271bffecc62f3ba225350,263609699_9165,391522183_8943,flagged_direction_gap
20161023,18e730f03be271bffecc62f3ba225350,391522183_8943,263609699_9165,flagged_direction_gap
20161023,18e730f03be271bffecc62f3ba225350,263609699_9165,148315979_9205,flagged_direction_gap
20161023,18e730f03be271bffecc62f3ba225350,148315979_9205,391522182_9178,flagged_direction_gap
20161023,18e730f03be271bffecc62f3ba225350,391522182_9178,148315979_9205,flagged_direction_gap
20161023,18e730f03be271bffecc62f3ba225350,148315979_9205,335525204_9033,flagged_direction_gap
20161023,18e730f03be271bffecc62f3ba225350,335525204_9033,266583962_9032,flagged_direction_gap
20161023,18e730f03be271bffecc62f3ba225350,266583962_9032,293499685_9031,flagged_direction_gap
20161023,18e730f03be271bffecc62f3ba225350,293499685_9031,231866359_9034,flagged_direction_gap
20161023,18e730f03be271bffecc62f3ba225350,231866359_9034,231866347_9447,flagged_direction_gap
20161023,18e730f03be271bffecc62f3ba225350,231866347_9447,231866359_9034,flagged_direction_gap
20161023,18e730f03be271bffecc62f3ba225350,231866341_9467,457047970_9470,flagged_direction_gap
20161023,18e730f03be271bffecc62f3ba225350,156592791_10021,335518761_9514,flagged_direction_gap
20161023,18e730f03be271bffecc62f3ba225350,335518761_9514,156592791_10021,flagged_direction_gap
20161023,18e730f03be271bffecc62f3ba225350,156592798_10051,380719198_10025,flagged_direction_gap
20161023,18e730f03be271bffecc62f3ba225350,380719198_10025,156592798_10051,flagged_direction_gap
20161023,18e730f03be271bffecc62f3ba225350,156592798_10051,457336097_10029,flagged_direction_gap
20161023,18e730f03be271bffecc62f3ba225350,457336097_10029,156592798_10051,flagged_direction_gap
20161023,18e730f03be271bffecc62f3ba225350,156592798_10051,266583972_10056,flagged_direction_gap
20161023,18e730f03be271bffecc62f3ba225350,266583979_10095,181601922_10098,flagged_direction_gap
20161023,18e730f03be271bffecc62f3ba225350,181601922_10098,266583979_10095,flagged_direction_gap
20161023,1b78a32920462139ec5b346c5179f3ee,231867124_8469,142323474_8451,flagged_direction_gap
20161023,26b97d801dc145aa62e03ec9fd31e2e8,381473925_2503,162532768_2499,flagged_direction_gap
20161023,27cb35cc1df418593b1dd8f7cddf1870,28320650_2501,162532776_2496,flagged_direction_gap
20161023,27cb35cc1df418593b1dd8f7cddf1870,162532776_2496,162532933_2408,flagged_direction_gap
20161023,27cb35cc1df418593b1dd8f7cddf1870,162532933_2408,162532772_2409,flagged_direction_gap
20161023,27cb35cc1df418593b1dd8f7cddf1870,162532772_2409,162532781_2407,flagged_direction_gap
20161023,2851a1026f486cdd1b613d6fde12434a,255201450_10351,457983472_10329,flagged_direction_gap
20161023,2851a1026f486cdd1b613d6fde12434a,59140341_10181,59128845_10180,flagged_direction_gap
20161023,31fb79b415b91514cb72b07fed464ff1,334283254_8958,370672200_8961,flagged_direction_gap
20161023,31fb79b415b91514cb72b07fed464ff1,334802606_9028,231866359_9034,flagged_direction_gap
20161023,35c17bab1be742dd64660771d085ed0d,457307903_1875,28275321_1874,flagged_direction_gap
20161023,35c17bab1be742dd64660771d085ed0d,28275321_1874,260087890_1872,flagged_direction_gap
20161023,35c17bab1be742dd64660771d085ed0d,457307896_2098,142323466_2085,flagged_direction_gap
20161023,3683809b94b66a77aeeddeed6f05afcb,28296475_4216,59868404_4221,flagged_direction_gap
20161023,3683809b94b66a77aeeddeed6f05afcb,258742300_3952,266577945_3892,flagged_direction_gap
20161023,3683809b94b66a77aeeddeed6f05afcb,149870249_3912,295967304_3995,flagged_direction_gap
20161023,37dc4c1b7178a3b1e259592b64005da8,295965990_2347,142432189_2346,flagged_direction_gap
20161023,37dc4c1b7178a3b1e259592b64005da8,142432189_2346,28275321_1874,flagged_direction_gap
20161023,387839eabb1a2842093c6caa21b82fcb,263486162_8862,263572145_8878,flagged_direction_gap
20161023,387839eabb1a2842093c6caa21b82fcb,309154011_9224,148315978_9222,flagged_direction_gap
20161023,38d4b76a45c466a5ec2c22c19d34331a,242758174_4229,242758175_4225,flagged_direction_gap
