effect_axis,fixed_profile,fixed_q_A,fixed_p_A,outcome,low_level,high_level,comparison,low_value,high_value,absolute_change,relative_change,response_class
q_A,C,,0.4,service_rate,0.25,0.5,0.25_to_0.5,0.7199,0.5819,-0.138,-0.1916932907348243,monotone_decreasing
q_A,C,,0.4,service_rate,0.5,0.75,0.5_to_0.75,0.5819,0.3544,-0.22749999999999998,-0.39096064615913384,monotone_decreasing
q_A,C,,0.4,service_rate,0.25,0.75,0.25_to_0.75,0.7199,0.3544,-0.3655,-0.5077094040839005,monotone_decreasing
q_A,C,,0.4,request_to_pickup_p95,0.25,0.5,0.25_to_0.5,289.9000654,291.9648606,2.064795199999992,0.007122437855096778,monotone_increasing
q_A,C,,0.4,request_to_pickup_p95,0.5,0.75,0.5_to_0.75,291.9648606,292.9722942,1.007433600000013,0.003450530306728333,monotone_increasing
q_A,C,,0.4,request_to_pickup_p95,0.25,0.75,0.25_to_0.75,289.9000654,292.9722942,3.072228800000005,0.010597544349501912,monotone_increasing
q_A,C,,0.4,AV_assignment_share,0.25,0.5,0.25_to_0.5,0.0310228272445247,0.0611216131064902,0.0300987858619655,0.9702141466580133,monotone_increasing
q_A,C,,0.4,AV_assignment_share,0.5,0.75,0.5_to_0.75,0.0611216131064902,0.1370391271632806,0.0759175140567904,1.242073142351819,monotone_increasing
q_A,C,,0.4,AV_assignment_share,0.25,0.75,0.25_to_0.75,0.0310228272445247,0.1370391271632806,0.1060162999187559,3.4173642229035397,monotone_increasing
q_A,C,,0.4,first_window_match_rate,0.25,0.5,0.25_to_0.5,0.5982333333333333,0.4339,-0.16433333333333328,-0.27469772106758783,monotone_decreasing
q_A,C,,0.4,first_window_match_rate,0.5,0.75,0.5_to_0.75,0.4339,0.2276,-0.2063,-0.47545517400322657,monotone_decreasing
q_A,C,,0.4,first_window_match_rate,0.25,0.75,0.25_to_0.75,0.5982333333333333,0.2276,-0.37063333333333326,-0.6195464423023346,monotone_decreasing
q_A,C,,0.7,service_rate,0.25,0.5,0.25_to_0.5,0.7216,0.5916,-0.13,-0.1801552106430155,monotone_decreasing
q_A,C,,0.7,service_rate,0.5,0.75,0.5_to_0.75,0.5916,0.3784,-0.2132,-0.3603786342123056,monotone_decreasing
q_A,C,,0.7,service_rate,0.25,0.75,0.25_to_0.75,0.7216,0.3784,-0.3432,-0.47560975609756095,monotone_decreasing
q_A,C,,0.7,request_to_pickup_p95,0.25,0.5,0.25_to_0.5,289.3800095,291.6265886,2.2465790999999626,0.007763421889029838,monotone_increasing
q_A,C,,0.7,request_to_pickup_p95,0.5,0.75,0.5_to_0.75,291.6265886,292.7290875,1.1024989000000005,0.0037805157111795687,monotone_increasing
q_A,C,,0.7,request_to_pickup_p95,0.25,0.75,0.25_to_0.75,289.3800095,292.7290875,3.349077999999963,0.011573287338633399,monotone_increasing
q_A,C,,0.7,AV_assignment_share,0.25,0.5,0.25_to_0.5,0.0424519586104951,0.0907707910750507,0.04831883246455561,1.1382003103293823,monotone_increasing
q_A,C,,0.7,AV_assignment_share,0.5,0.75,0.5_to_0.75,0.0907707910750507,0.1937103594080338,0.1029395683329831,1.1340604958248195,monotone_increasing
q_A,C,,0.7,AV_assignment_share,0.25,0.75,0.25_to_0.75,0.0424519586104951,0.1937103594080338,0.15125840079753872,3.5630488144343047,monotone_increasing
q_A,C,,0.7,first_window_match_rate,0.25,0.5,0.25_to_0.5,0.6005333333333334,0.4478666666666667,-0.15266666666666667,-0.2542184724689165,monotone_decreasing
q_A,C,,0.7,first_window_match_rate,0.5,0.75,0.5_to_0.75,0.4478666666666667,0.2530666666666666,-0.19480000000000008,-0.4349508782375709,monotone_decreasing
q_A,C,,0.7,first_window_match_rate,0.25,0.75,0.25_to_0.75,0.6005333333333334,0.2530666666666666,-0.34746666666666676,-0.5785968028419184,monotone_decreasing
q_A,C,,1.0,service_rate,0.25,0.5,0.25_to_0.5,0.7251666666666666,0.5941333333333333,-0.13103333333333333,-0.18069409331188233,monotone_decreasing
q_A,C,,1.0,service_rate,0.5,0.75,0.5_to_0.75,0.5941333333333333,0.3907333333333333,-0.20339999999999997,-0.34234739676840215,monotone_decreasing
q_A,C,,1.0,service_rate,0.25,0.75,0.25_to_0.75,0.7251666666666666,0.3907333333333333,-0.3344333333333333,-0.4611813376235348,monotone_decreasing
q_A,C,,1.0,request_to_pickup_p95,0.25,0.5,0.25_to_0.5,290.0,291.5451873999999,1.545187399999918,0.005328232413792821,monotone_increasing
q_A,C,,1.0,request_to_pickup_p95,0.5,0.75,0.5_to_0.75,291.5451873999999,292.6497926,1.104605200000094,0.003788795863347852,monotone_increasing
q_A,C,,1.0,request_to_pickup_p95,0.25,0.75,0.25_to_0.75,290.0,292.6497926,2.649792600000012,0.009137215862069007,monotone_increasing
q_A,C,,1.0,AV_assignment_share,0.25,0.5,0.25_to_0.5,0.0510227533900252,0.1131620287253141,0.0621392753352889,1.2178738152425337,monotone_increasing
q_A,C,,1.0,AV_assignment_share,0.5,0.75,0.5_to_0.75,0.1131620287253141,0.2360518682818631,0.12288983955654899,1.0859635598690782,monotone_increasing
q_A,C,,1.0,AV_assignment_share,0.25,0.75,0.25_to_0.75,0.0510227533900252,0.2360518682818631,0.18502911489183788,3.6264039589837296,monotone_increasing
q_A,C,,1.0,first_window_match_rate,0.25,0.5,0.25_to_0.5,0.6057333333333333,0.4543,-0.15143333333333336,-0.25000000000000006,monotone_decreasing
q_A,C,,1.0,first_window_match_rate,0.5,0.75,0.5_to_0.75,0.4543,0.2698333333333333,-0.18446666666666667,-0.4060459314696603,monotone_decreasing
q_A,C,,1.0,first_window_match_rate,0.25,0.75,0.25_to_0.75,0.6057333333333333,0.2698333333333333,-0.33590000000000003,-0.5545344486022452,monotone_decreasing
q_A,M,,0.4,service_rate,0.25,0.5,0.25_to_0.5,0.7218,0.5889,-0.13290000000000002,-0.18412302576891107,monotone_decreasing
q_A,M,,0.4,service_rate,0.5,0.75,0.5_to_0.75,0.5889,0.3721,-0.2168,-0.3681439972830701,monotone_decreasing
q_A,M,,0.4,service_rate,0.25,0.75,0.25_to_0.75,0.7218,0.3721,-0.3497,-0.48448323635356055,monotone_decreasing
q_A,M,,0.4,request_to_pickup_p95,0.25,0.5,0.25_to_0.5,289.6579618,292.1314224,2.47346060000001,0.008539246028762224,monotone_increasing
q_A,M,,0.4,request_to_pickup_p95,0.5,0.75,0.5_to_0.75,292.1314224,292.8357956,0.7043731999999636,0.0024111517830338117,monotone_increasing
q_A,M,,0.4,request_to_pickup_p95,0.25,0.75,0.25_to_0.75,289.6579618,292.8357956,3.1778337999999735,0.010970987230084049,monotone_increasing
q_A,M,,0.4,AV_assignment_share,0.25,0.5,0.25_to_0.5,0.0423016532742218,0.0899416992132224,0.0476400459390006,1.1261982038898692,monotone_increasing
q_A,M,,0.4,AV_assignment_share,0.5,0.75,0.5_to_0.75,0.0899416992132224,0.1882110543760637,0.0982693551628413,1.0925894887740195,monotone_increasing
q_A,M,,0.4,AV_assignment_share,0.25,0.75,0.25_to_0.75,0.0423016532742218,0.1882110543760637,0.1459094011018419,3.44926001251014,monotone_increasing
q_A,M,,0.4,first_window_match_rate,0.25,0.5,0.25_to_0.5,0.6017,0.4456333333333333,-0.1560666666666667,-0.25937621184421916,monotone_decreasing
q_A,M,,0.4,first_window_match_rate,0.5,0.75,0.5_to_0.75,0.4456333333333333,0.2497,-0.19593333333333332,-0.4396738723913531,monotone_decreasing
q_A,M,,0.4,first_window_match_rate,0.25,0.75,0.25_to_0.75,0.6017,0.2497,-0.352,-0.5850091407678244,monotone_decreasing
q_A,M,,0.7,service_rate,0.25,0.5,0.25_to_0.5,0.7297,0.6044333333333334,-0.12526666666666664,-0.17166872230597044,monotone_decreasing
q_A,M,,0.7,service_rate,0.5,0.75,0.5_to_0.75,0.6044333333333334,0.4013,-0.2031333333333334,-0.3360723542712183,monotone_decreasing
q_A,M,,0.7,service_rate,0.25,0.75,0.25_to_0.75,0.7297,0.4013,-0.3284,-0.45004796491708926,monotone_decreasing
q_A,M,,0.7,request_to_pickup_p95,0.25,0.5,0.25_to_0.5,289.748246,291.8394572,2.091211200000032,0.007217338599523505,monotone_increasing
q_A,M,,0.7,request_to_pickup_p95,0.5,0.75,0.5_to_0.75,291.8394572,292.4717888,0.6323315999999863,0.0021667104443887594,monotone_increasing
q_A,M,,0.7,request_to_pickup_p95,0.25,0.75,0.25_to_0.75,289.748246,292.4717888,2.7235428000000184,0.009399686926836542,monotone_increasing
q_A,M,,0.7,AV_assignment_share,0.25,0.5,0.25_to_0.5,0.0542231967475218,0.1217117961727237,0.06748859942520188,1.2446444229293132,monotone_increasing
q_A,M,,0.7,AV_assignment_share,0.5,0.75,0.5_to_0.75,0.1217117961727237,0.2603206246365977,0.138608828463874,1.1388282222634476,monotone_increasing
q_A,M,,0.7,AV_assignment_share,0.25,0.75,0.25_to_0.75,0.0542231967475218,0.2603206246365977,0.20609742788907592,3.8009088407074656,monotone_increasing
q_A,M,,0.7,first_window_match_rate,0.25,0.5,0.25_to_0.5,0.6131,0.4654666666666666,-0.1476333333333334,-0.2407981297232644,monotone_decreasing
q_A,M,,0.7,first_window_match_rate,0.5,0.75,0.5_to_0.75,0.4654666666666666,0.2841,-0.18136666666666656,-0.38964480091664266,monotone_decreasing
q_A,M,,0.7,first_window_match_rate,0.25,0.75,0.25_to_0.75,0.6131,0.2841,-0.32899999999999996,-0.5366171913227858,monotone_decreasing
q_A,M,,1.0,service_rate,0.25,0.5,0.25_to_0.5,0.7305333333333334,0.6097666666666667,-0.12076666666666669,-0.1653130133235992,monotone_decreasing
q_A,M,,1.0,service_rate,0.5,0.75,0.5_to_0.75,0.6097666666666667,0.4198,-0.18996666666666667,-0.31153993330782265,monotone_decreasing
q_A,M,,1.0,service_rate,0.25,0.75,0.25_to_0.75,0.7305333333333334,0.4198,-0.31073333333333336,-0.4253513414856726,monotone_decreasing
q_A,M,,1.0,request_to_pickup_p95,0.25,0.5,0.25_to_0.5,289.432843,291.8858432,2.4530002000000195,0.008475196437883243,monotone_increasing
q_A,M,,1.0,request_to_pickup_p95,0.5,0.75,0.5_to_0.75,291.8858432,292.59013105,0.7042878500000143,0.002412888005388588,monotone_increasing
q_A,M,,1.0,request_to_pickup_p95,0.25,0.75,0.25_to_0.75,289.432843,292.59013105,3.1572880500000338,0.01090853414310011,monotone_increasing
q_A,M,,1.0,AV_assignment_share,0.25,0.5,0.25_to_0.5,0.0625570359554663,0.1412015525064232,0.07864451655095689,1.2571650070975724,monotone_increasing
q_A,M,,1.0,AV_assignment_share,0.5,0.75,0.5_to_0.75,0.1412015525064232,0.297681435604256,0.15647988309783278,1.10820228474977,monotone_increasing
q_A,M,,1.0,AV_assignment_share,0.25,0.75,0.25_to_0.75,0.0625570359554663,0.297681435604256,0.23512439964878967,3.758560425020333,monotone_increasing
q_A,M,,1.0,first_window_match_rate,0.25,0.5,0.25_to_0.5,0.6112333333333333,0.4721333333333333,-0.1391,-0.2275726672847249,monotone_decreasing
q_A,M,,1.0,first_window_match_rate,0.5,0.75,0.5_to_0.75,0.4721333333333333,0.3013,-0.17083333333333328,-0.36183281558881664,monotone_decreasing
q_A,M,,1.0,first_window_match_rate,0.25,0.75,0.25_to_0.75,0.6112333333333333,0.3013,-0.3099333333333333,-0.5070622239188526,monotone_decreasing
q_A,A,,0.4,service_rate,0.25,0.5,0.25_to_0.5,0.7222666666666666,0.5918,-0.13046666666666662,-0.18063503784382495,monotone_decreasing
q_A,A,,0.4,service_rate,0.5,0.75,0.5_to_0.75,0.5918,0.3798333333333333,-0.2119666666666667,-0.3581728061281965,monotone_decreasing
q_A,A,,0.4,service_rate,0.25,0.75,0.25_to_0.75,0.7222666666666666,0.3798333333333333,-0.3424333333333333,-0.4741092855824257,monotone_decreasing
q_A,A,,0.4,request_to_pickup_p95,0.25,0.5,0.25_to_0.5,289.34749635,291.7275215,2.3800251500000513,0.00822549073354044,monotone_increasing
q_A,A,,0.4,request_to_pickup_p95,0.5,0.75,0.5_to_0.75,291.7275215,292.7996601,1.0721385999999598,0.003675136971949901,monotone_increasing
q_A,A,,0.4,request_to_pickup_p95,0.25,0.75,0.25_to_0.75,289.34749635,292.7996601,3.452163750000011,0.011930857510597607,monotone_increasing
q_A,A,,0.4,AV_assignment_share,0.25,0.5,0.25_to_0.5,0.0438434557873361,0.0954714430550861,0.05162798726775,1.177552871702746,monotone_increasing
q_A,A,,0.4,AV_assignment_share,0.5,0.75,0.5_to_0.75,0.0954714430550861,0.1942079859587538,0.09873654290366769,1.0341997538122227,monotone_increasing
q_A,A,,0.4,AV_assignment_share,0.25,0.75,0.25_to_0.75,0.0438434557873361,0.1942079859587538,0.1503645301714177,3.429577515530825,monotone_increasing
q_A,A,,0.4,first_window_match_rate,0.25,0.5,0.25_to_0.5,0.6058333333333333,0.4474333333333333,-0.15840000000000004,-0.26145804676753787,monotone_decreasing
q_A,A,,0.4,first_window_match_rate,0.5,0.75,0.5_to_0.75,0.4474333333333333,0.2544666666666667,-0.19296666666666662,-0.43127467779184975,monotone_decreasing
q_A,A,,0.4,first_window_match_rate,0.25,0.75,0.25_to_0.75,0.6058333333333333,0.2544666666666667,-0.35136666666666666,-0.5799724896836314,monotone_decreasing
q_A,A,,0.7,service_rate,0.25,0.5,0.25_to_0.5,0.7301,0.6089,-0.12119999999999997,-0.16600465689631555,monotone_decreasing
q_A,A,,0.7,service_rate,0.5,0.75,0.5_to_0.75,0.6089,0.4114333333333333,-0.19746666666666668,-0.3243006514479663,monotone_decreasing
q_A,A,,0.7,service_rate,0.25,0.75,0.25_to_0.75,0.7301,0.4114333333333333,-0.31866666666666665,-0.4364698899694106,monotone_decreasing
q_A,A,,0.7,request_to_pickup_p95,0.25,0.5,0.25_to_0.5,289.5616422,291.6385813,2.076939100000004,0.007172701067102887,monotone_increasing
q_A,A,,0.7,request_to_pickup_p95,0.5,0.75,0.5_to_0.75,291.6385813,292.6282656,0.9896843000000217,0.0033935300864118617,monotone_increasing
q_A,A,,0.7,request_to_pickup_p95,0.25,0.75,0.25_to_0.75,289.5616422,292.6282656,3.066623400000026,0.0105905719303868,monotone_increasing
q_A,A,,0.7,AV_assignment_share,0.25,0.5,0.25_to_0.5,0.056111035018034,0.1283188262987901,0.0722077912807561,1.286873272923029,monotone_increasing
q_A,A,,0.7,AV_assignment_share,0.5,0.75,0.5_to_0.75,0.1283188262987901,0.2645224013610953,0.13620357506230518,1.0614465467846117,monotone_increasing
q_A,A,,0.7,AV_assignment_share,0.25,0.75,0.25_to_0.75,0.056111035018034,0.2645224013610953,0.2084113663430613,3.714267011401201,monotone_increasing
q_A,A,,0.7,first_window_match_rate,0.25,0.5,0.25_to_0.5,0.6158,0.4715666666666667,-0.14423333333333332,-0.2342210674461405,monotone_decreasing
q_A,A,,0.7,first_window_match_rate,0.5,0.75,0.5_to_0.75,0.4715666666666667,0.2915666666666666,-0.1800000000000001,-0.3817063688414507,monotone_decreasing
q_A,A,,0.7,first_window_match_rate,0.25,0.75,0.25_to_0.75,0.6158,0.2915666666666666,-0.32423333333333343,-0.5265237631265564,monotone_decreasing
q_A,A,,1.0,service_rate,0.25,0.5,0.25_to_0.5,0.7309333333333333,0.614,-0.11693333333333333,-0.15997811017876687,monotone_decreasing
q_A,A,,1.0,service_rate,0.5,0.75,0.5_to_0.75,0.614,0.4234666666666666,-0.1905333333333334,-0.31031487513572215,monotone_decreasing
q_A,A,,1.0,service_rate,0.25,0.75,0.25_to_0.75,0.7309333333333333,0.4234666666666666,-0.3074666666666667,-0.4206493980299162,monotone_decreasing
q_A,A,,1.0,request_to_pickup_p95,0.25,0.5,0.25_to_0.5,289.36685655,291.58553215,2.218675599999983,0.007667345273927789,monotone_increasing
q_A,A,,1.0,request_to_pickup_p95,0.5,0.75,0.5_to_0.75,291.58553215,292.75823775,1.172705599999972,0.004021823687043219,monotone_increasing
q_A,A,,1.0,request_to_pickup_p95,0.25,0.75,0.25_to_0.75,289.36685655,292.75823775,3.3913811999999552,0.011720005671810429,monotone_increasing
q_A,A,,1.0,AV_assignment_share,0.25,0.5,0.25_to_0.5,0.0680864647938708,0.1491313789359392,0.0810449141420684,1.1903234275333403,monotone_increasing
q_A,A,,1.0,AV_assignment_share,0.5,0.75,0.5_to_0.75,0.1491313789359392,0.3081706549118388,0.15903927597589962,1.0664373729436007,monotone_increasing
q_A,A,,1.0,AV_assignment_share,0.25,0.75,0.25_to_0.75,0.0680864647938708,0.3081706549118388,0.240084190117968,3.5261661894888183,monotone_increasing
q_A,A,,1.0,first_window_match_rate,0.25,0.5,0.25_to_0.5,0.6138666666666667,0.4765666666666667,-0.13729999999999998,-0.2236642050390964,monotone_decreasing
q_A,A,,1.0,first_window_match_rate,0.5,0.75,0.5_to_0.75,0.4765666666666667,0.3062666666666667,-0.1703,-0.35734769532069666,monotone_decreasing
q_A,A,,1.0,first_window_match_rate,0.25,0.75,0.25_to_0.75,0.6138666666666667,0.3062666666666667,-0.3076,-0.5010860121633361,monotone_decreasing
p_A,C,0.25,,service_rate,0.4,0.7,0.4_to_0.7,0.7199,0.7216,0.0017000000000000348,0.0023614390887623767,monotone_increasing
p_A,C,0.25,,service_rate,0.7,1.0,0.7_to_1.0,0.7216,0.7251666666666666,0.003566666666666607,0.004942719881744189,monotone_increasing
p_A,C,0.25,,service_rate,0.4,1.0,0.4_to_1.0,0.7199,0.7251666666666666,0.005266666666666642,0.007315830902440119,monotone_increasing
p_A,C,0.25,,request_to_pickup_p95,0.4,0.7,0.4_to_0.7,289.9000654,289.3800095,-0.5200558999999885,-0.0017939143935080618,non_monotone
p_A,C,0.25,,request_to_pickup_p95,0.7,1.0,0.7_to_1.0,289.3800095,290.0,0.6199904999999717,0.002142478677332311,non_monotone
p_A,C,0.25,,request_to_pickup_p95,0.4,1.0,0.4_to_1.0,289.9000654,290.0,0.09993459999998322,0.0003447208604871988,non_monotone
p_A,C,0.25,,AV_assignment_share,0.4,0.7,0.4_to_0.7,0.0310228272445247,0.0424519586104951,0.011429131365970398,0.3684103732997951,monotone_increasing
p_A,C,0.25,,AV_assignment_share,0.7,1.0,0.7_to_1.0,0.0424519586104951,0.0510227533900252,0.0085707947795301,0.20189397757047664,monotone_increasing
p_A,C,0.25,,AV_assignment_share,0.4,1.0,0.4_to_1.0,0.0310228272445247,0.0510227533900252,0.0199999261455005,0.6446841865139915,monotone_increasing
p_A,M,0.25,,service_rate,0.4,0.7,0.4_to_0.7,0.7218,0.7297,0.007900000000000018,0.010944860072042142,monotone_increasing
p_A,M,0.25,,service_rate,0.7,1.0,0.7_to_1.0,0.7297,0.7305333333333334,0.0008333333333333526,0.0011420218354575202,monotone_increasing
p_A,M,0.25,,service_rate,0.4,1.0,0.4_to_1.0,0.7218,0.7305333333333334,0.00873333333333337,0.012099381176687962,monotone_increasing
p_A,M,0.25,,request_to_pickup_p95,0.4,0.7,0.4_to_0.7,289.6579618,289.748246,0.09028419999998505,0.00031169245077517855,non_monotone
p_A,M,0.25,,request_to_pickup_p95,0.7,1.0,0.7_to_1.0,289.748246,289.432843,-0.31540300000000343,-0.0010885415333972495,non_monotone
p_A,M,0.25,,request_to_pickup_p95,0.4,1.0,0.4_to_1.0,289.6579618,289.432843,-0.22511880000001838,-0.000777188372800386,non_monotone
p_A,M,0.25,,AV_assignment_share,0.4,0.7,0.4_to_0.7,0.0423016532742218,0.0542231967475218,0.011921543473300003,0.28182216416030414,monotone_increasing
p_A,M,0.25,,AV_assignment_share,0.7,1.0,0.7_to_1.0,0.0542231967475218,0.0625570359554663,0.008333839207944498,0.15369509191332184,monotone_increasing
p_A,M,0.25,,AV_assignment_share,0.4,1.0,0.4_to_1.0,0.0423016532742218,0.0625570359554663,0.0202553826812445,0.47883193949745523,monotone_increasing
p_A,A,0.25,,service_rate,0.4,0.7,0.4_to_0.7,0.7222666666666666,0.7301,0.007833333333333359,0.010845486431604245,monotone_increasing
p_A,A,0.25,,service_rate,0.7,1.0,0.7_to_1.0,0.7301,0.7309333333333333,0.0008333333333333526,0.0011413961557777737,monotone_increasing
p_A,A,0.25,,service_rate,0.4,1.0,0.4_to_1.0,0.7222666666666666,0.7309333333333333,0.008666666666666711,0.011999261583902592,monotone_increasing
p_A,A,0.25,,request_to_pickup_p95,0.4,0.7,0.4_to_0.7,289.34749635,289.5616422,0.21414585000002262,0.000740099198027924,non_monotone
p_A,A,0.25,,request_to_pickup_p95,0.7,1.0,0.7_to_1.0,289.5616422,289.36685655,-0.1947856499999716,-0.0006726914812336688,non_monotone
p_A,A,0.25,,request_to_pickup_p95,0.4,1.0,0.4_to_1.0,289.34749635,289.36685655,0.01936020000005101,6.690985836847387e-05,non_monotone
p_A,A,0.25,,AV_assignment_share,0.4,0.7,0.4_to_0.7,0.0438434557873361,0.056111035018034,0.012267579230697899,0.27980411239027625,monotone_increasing
p_A,A,0.25,,AV_assignment_share,0.7,1.0,0.7_to_1.0,0.056111035018034,0.0680864647938708,0.0119754297758368,0.2134237903825498,monotone_increasing
p_A,A,0.25,,AV_assignment_share,0.4,1.0,0.4_to_1.0,0.0438434557873361,0.0680864647938708,0.0242430090065347,0.5529447570037838,monotone_increasing
p_A,C,0.5,,service_rate,0.4,0.7,0.4_to_0.7,0.5819,0.5916,0.009700000000000042,0.01666953084722468,monotone_increasing
p_A,C,0.5,,service_rate,0.7,1.0,0.7_to_1.0,0.5916,0.5941333333333333,0.0025333333333332764,0.004282172639170514,monotone_increasing
p_A,C,0.5,,service_rate,0.4,1.0,0.4_to_1.0,0.5819,0.5941333333333333,0.012233333333333318,0.021023085295296992,monotone_increasing
p_A,C,0.5,,request_to_pickup_p95,0.4,0.7,0.4_to_0.7,291.9648606,291.6265886,-0.33827200000001767,-0.0011586051804482723,monotone_decreasing
p_A,C,0.5,,request_to_pickup_p95,0.7,1.0,0.7_to_1.0,291.6265886,291.5451873999999,-0.081401200000073,-0.0002791281837189553,monotone_decreasing
p_A,C,0.5,,request_to_pickup_p95,0.4,1.0,0.4_to_1.0,291.9648606,291.5451873999999,-0.4196732000000907,-0.0014374099648075617,monotone_decreasing
p_A,C,0.5,,AV_assignment_share,0.4,0.7,0.4_to_0.7,0.0611216131064902,0.0907707910750507,0.02964917796856051,0.48508500449593356,monotone_increasing
p_A,C,0.5,,AV_assignment_share,0.7,1.0,0.7_to_1.0,0.0907707910750507,0.1131620287253141,0.022391237650263393,0.24667888629228724,monotone_increasing
p_A,C,0.5,,AV_assignment_share,0.4,1.0,0.4_to_1.0,0.0611216131064902,0.1131620287253141,0.0520404156188239,0.8514241194543668,monotone_increasing
p_A,M,0.5,,service_rate,0.4,0.7,0.4_to_0.7,0.5889,0.6044333333333334,0.015533333333333399,0.02637686081394702,monotone_increasing
p_A,M,0.5,,service_rate,0.7,1.0,0.7_to_1.0,0.6044333333333334,0.6097666666666667,0.005333333333333301,0.008823691611978107,monotone_increasing
p_A,M,0.5,,service_rate,0.4,1.0,0.4_to_1.0,0.5889,0.6097666666666667,0.0208666666666667,0.03543329371143947,monotone_increasing
p_A,M,0.5,,request_to_pickup_p95,0.4,0.7,0.4_to_0.7,292.1314224,291.8394572,-0.2919651999999928,-0.0009994310012985197,non_monotone
p_A,M,0.5,,request_to_pickup_p95,0.7,1.0,0.7_to_1.0,291.8394572,291.8858432,0.04638599999998405,0.00015894355220170018,non_monotone
p_A,M,0.5,,request_to_pickup_p95,0.4,1.0,0.4_to_1.0,292.1314224,291.8858432,-0.24557920000000877,-0.0008406463022103464,non_monotone
p_A,M,0.5,,AV_assignment_share,0.4,0.7,0.4_to_0.7,0.0899416992132224,0.1217117961727237,0.031770096959501296,0.35322989489207635,monotone_increasing
p_A,M,0.5,,AV_assignment_share,0.7,1.0,0.7_to_1.0,0.1217117961727237,0.1412015525064232,0.019489756333699496,0.1601303813316598,monotone_increasing
p_A,M,0.5,,AV_assignment_share,0.4,1.0,0.4_to_1.0,0.0899416992132224,0.1412015525064232,0.05125985329320079,0.5699231139905464,monotone_increasing
p_A,A,0.5,,service_rate,0.4,0.7,0.4_to_0.7,0.5918,0.6089,0.017100000000000004,0.028894896924636707,monotone_increasing
p_A,A,0.5,,service_rate,0.7,1.0,0.7_to_1.0,0.6089,0.614,0.005099999999999993,0.00837575956643126,monotone_increasing
p_A,A,0.5,,service_rate,0.4,1.0,0.4_to_1.0,0.5918,0.614,0.022199999999999998,0.037512673200405536,monotone_increasing
p_A,A,0.5,,request_to_pickup_p95,0.4,0.7,0.4_to_0.7,291.7275215,291.6385813,-0.08894020000002456,-0.0003048742180467349,monotone_decreasing
p_A,A,0.5,,request_to_pickup_p95,0.7,1.0,0.7_to_1.0,291.6385813,291.58553215,-0.05304914999999255,-0.0001819003156699026,monotone_decreasing
p_A,A,0.5,,request_to_pickup_p95,0.4,1.0,0.4_to_1.0,291.7275215,291.58553215,-0.1419893500000171,-0.0004867190770001352,monotone_decreasing
p_A,A,0.5,,AV_assignment_share,0.4,0.7,0.4_to_0.7,0.0954714430550861,0.1283188262987901,0.032847383243703995,0.34405453811723963,monotone_increasing
p_A,A,0.5,,AV_assignment_share,0.7,1.0,0.7_to_1.0,0.1283188262987901,0.1491313789359392,0.020812552637149095,0.16219406954897728,monotone_increasing
p_A,A,0.5,,AV_assignment_share,0.4,1.0,0.4_to_1.0,0.0954714430550861,0.1491313789359392,0.05365993588085309,0.5620522133502457,monotone_increasing
p_A,C,0.75,,service_rate,0.4,0.7,0.4_to_0.7,0.3544,0.3784,0.02400000000000002,0.06772009029345379,monotone_increasing
p_A,C,0.75,,service_rate,0.7,1.0,0.7_to_1.0,0.3784,0.3907333333333333,0.012333333333333307,0.03259337561663136,monotone_increasing
p_A,C,0.75,,service_rate,0.4,1.0,0.4_to_1.0,0.3544,0.3907333333333333,0.03633333333333333,0.10252069224981188,monotone_increasing
p_A,C,0.75,,request_to_pickup_p95,0.4,0.7,0.4_to_0.7,292.9722942,292.7290875,-0.2432067000000302,-0.0008301354934060867,monotone_decreasing
p_A,C,0.75,,request_to_pickup_p95,0.7,1.0,0.7_to_1.0,292.7290875,292.6497926,-0.0792948999999794,-0.0002708815194184603,monotone_decreasing
p_A,C,0.75,,request_to_pickup_p95,0.4,1.0,0.4_to_1.0,292.9722942,292.6497926,-0.3225016000000096,-0.00110079214446077,monotone_decreasing
p_A,C,0.75,,AV_assignment_share,0.4,0.7,0.4_to_0.7,0.1370391271632806,0.1937103594080338,0.056671232244753206,0.4135405224613702,monotone_increasing
p_A,C,0.75,,AV_assignment_share,0.7,1.0,0.7_to_1.0,0.1937103594080338,0.2360518682818631,0.04234150887382929,0.21858154103488409,monotone_increasing
p_A,C,0.75,,AV_assignment_share,0.4,1.0,0.4_to_1.0,0.1370391271632806,0.2360518682818631,0.09901274111858249,0.7225143881762317,monotone_increasing
p_A,M,0.75,,service_rate,0.4,0.7,0.4_to_0.7,0.3721,0.4013,0.029200000000000004,0.07847352862133836,monotone_increasing
p_A,M,0.75,,service_rate,0.7,1.0,0.7_to_1.0,0.4013,0.4198,0.018500000000000016,0.04610017443309249,monotone_increasing
p_A,M,0.75,,service_rate,0.4,1.0,0.4_to_1.0,0.3721,0.4198,0.04770000000000002,0.12819134641225483,monotone_increasing
p_A,M,0.75,,request_to_pickup_p95,0.4,0.7,0.4_to_0.7,292.8357956,292.4717888,-0.3640067999999701,-0.0012430406578340114,non_monotone
p_A,M,0.75,,request_to_pickup_p95,0.7,1.0,0.7_to_1.0,292.4717888,292.59013105,0.11834225000001197,0.0004046279146633782,non_monotone
p_A,M,0.75,,request_to_pickup_p95,0.4,1.0,0.4_to_1.0,292.8357956,292.59013105,-0.24566454999995813,-0.0008389157121198545,non_monotone
p_A,M,0.75,,AV_assignment_share,0.4,0.7,0.4_to_0.7,0.1882110543760637,0.2603206246365977,0.07210957026053402,0.38313142923290894,monotone_increasing
p_A,M,0.75,,AV_assignment_share,0.7,1.0,0.7_to_1.0,0.2603206246365977,0.297681435604256,0.03736081096765825,0.14351844391819965,monotone_increasing
p_A,M,0.75,,AV_assignment_share,0.4,1.0,0.4_to_1.0,0.1882110543760637,0.297681435604256,0.10947038122819228,0.5816362996907715,monotone_increasing
p_A,A,0.75,,service_rate,0.4,0.7,0.4_to_0.7,0.3798333333333333,0.4114333333333333,0.03160000000000002,0.08319438350153581,monotone_increasing
p_A,A,0.75,,service_rate,0.7,1.0,0.7_to_1.0,0.4114333333333333,0.4234666666666666,0.012033333333333285,0.02924734667422819,monotone_increasing
p_A,A,0.75,,service_rate,0.4,1.0,0.4_to_1.0,0.3798333333333333,0.4234666666666666,0.0436333333333333,0.11487494515138211,monotone_increasing
p_A,A,0.75,,request_to_pickup_p95,0.4,0.7,0.4_to_0.7,292.7996601,292.6282656,-0.1713944999999626,-0.0005853644090345807,non_monotone
p_A,A,0.75,,request_to_pickup_p95,0.7,1.0,0.7_to_1.0,292.6282656,292.75823775,0.12997214999995776,0.0004441544624319359,non_monotone
p_A,A,0.75,,request_to_pickup_p95,0.4,1.0,0.4_to_1.0,292.7996601,292.75823775,-0.041422350000004826,-0.00014146993881706637,non_monotone
p_A,A,0.75,,AV_assignment_share,0.4,0.7,0.4_to_0.7,0.1942079859587538,0.2645224013610953,0.07031441540234148,0.3620572812967381,monotone_increasing
p_A,A,0.75,,AV_assignment_share,0.7,1.0,0.7_to_1.0,0.2645224013610953,0.3081706549118388,0.04364825355074353,0.1650077775120452,monotone_increasing
p_A,A,0.75,,AV_assignment_share,0.4,1.0,0.4_to_1.0,0.1942079859587538,0.3081706549118388,0.11396266895308502,0.5868073261276114,monotone_increasing
capability,,0.25,0.4,service_rate,C,M,C_to_M,0.7199,0.7218,0.0019000000000000128,0.002639255452146149,monotone_increasing
capability,,0.25,0.4,service_rate,M,A,M_to_A,0.7218,0.7222666666666666,0.00046666666666661527,0.0006465318186015728,monotone_increasing
capability,,0.25,0.4,service_rate,C,A,C_to_A,0.7199,0.7222666666666666,0.002366666666666628,0.003287493633374952,monotone_increasing
capability,,0.25,0.4,request_to_pickup_p95,C,M,C_to_M,289.9000654,289.6579618,-0.2421036000000072,-0.0008351277867631939,monotone_decreasing
capability,,0.25,0.4,request_to_pickup_p95,M,A,M_to_A,289.6579618,289.34749635,-0.3104654500000379,-0.0010718346841589834,monotone_decreasing
capability,,0.25,0.4,request_to_pickup_p95,C,A,C_to_A,289.9000654,289.34749635,-0.5525690500000451,-0.0019060673519946197,monotone_decreasing
capability,,0.25,0.4,AV_assignment_share,C,M,C_to_M,0.0310228272445247,0.0423016532742218,0.011278826029697101,0.36356538173637065,monotone_increasing
capability,,0.25,0.4,AV_assignment_share,M,A,M_to_A,0.0423016532742218,0.0438434557873361,0.0015418025131143029,0.03644780744429821,monotone_increasing
capability,,0.25,0.4,AV_assignment_share,C,A,C_to_A,0.0310228272445247,0.0438434557873361,0.012820628542811404,0.4132643502076089,monotone_increasing
capability,,0.25,0.7,service_rate,C,M,C_to_M,0.7216,0.7297,0.008099999999999996,0.0112250554323725,monotone_increasing
capability,,0.25,0.7,service_rate,M,A,M_to_A,0.7297,0.7301,0.00039999999999995595,0.0005481704810195368,monotone_increasing
capability,,0.25,0.7,service_rate,C,A,C_to_A,0.7216,0.7301,0.008499999999999952,0.01177937915742787,monotone_increasing
capability,,0.25,0.7,request_to_pickup_p95,C,M,C_to_M,289.3800095,289.748246,0.3682364999999663,0.0012725015132739024,non_monotone
capability,,0.25,0.7,request_to_pickup_p95,M,A,M_to_A,289.748246,289.5616422,-0.18660380000000032,-0.0006440204645794485,non_monotone
capability,,0.25,0.7,request_to_pickup_p95,C,A,C_to_A,289.3800095,289.5616422,0.181632699999966,0.0006276615316786973,non_monotone
capability,,0.25,0.7,AV_assignment_share,C,M,C_to_M,0.0424519586104951,0.0542231967475218,0.011771238137026706,0.2772837466706798,monotone_increasing
capability,,0.25,0.7,AV_assignment_share,M,A,M_to_A,0.0542231967475218,0.056111035018034,0.0018878382705121988,0.034816063672942335,monotone_increasing
capability,,0.25,0.7,AV_assignment_share,C,A,C_to_A,0.0424519586104951,0.056111035018034,0.013659076407538905,0.32175373892318054,monotone_increasing
capability,,0.25,1.0,service_rate,C,M,C_to_M,0.7251666666666666,0.7305333333333334,0.005366666666666742,0.007400597563778546,monotone_increasing
capability,,0.25,1.0,service_rate,M,A,M_to_A,0.7305333333333334,0.7309333333333333,0.00039999999999995595,0.000547545172476669,monotone_increasing
capability,,0.25,1.0,service_rate,C,A,C_to_A,0.7251666666666666,0.7309333333333333,0.005766666666666698,0.007952194897724705,monotone_increasing
capability,,0.25,1.0,request_to_pickup_p95,C,M,C_to_M,290.0,289.432843,-0.5671570000000088,-0.0019557137931034787,monotone_decreasing
capability,,0.25,1.0,request_to_pickup_p95,M,A,M_to_A,289.432843,289.36685655,-0.0659864499999685,-0.00022798535686555967,monotone_decreasing
capability,,0.25,1.0,request_to_pickup_p95,C,A,C_to_A,290.0,289.36685655,-0.6331434499999773,-0.002183253275861991,monotone_decreasing
capability,,0.25,1.0,AV_assignment_share,C,M,C_to_M,0.0510227533900252,0.0625570359554663,0.011534282565441104,0.22606154703709155,monotone_increasing
capability,,0.25,1.0,AV_assignment_share,M,A,M_to_A,0.0625570359554663,0.0680864647938708,0.0055294288384045015,0.08839019870348147,monotone_increasing
capability,,0.25,1.0,AV_assignment_share,C,A,C_to_A,0.0510227533900252,0.0680864647938708,0.017063711403845605,0.334433370802398,monotone_increasing
capability,,0.5,0.4,service_rate,C,M,C_to_M,0.5819,0.5889,0.007000000000000006,0.012029558343357977,monotone_increasing
capability,,0.5,0.4,service_rate,M,A,M_to_A,0.5889,0.5918,0.0029000000000000137,0.00492443538801157,monotone_increasing
capability,,0.5,0.4,service_rate,C,A,C_to_A,0.5819,0.5918,0.00990000000000002,0.017013232514177728,monotone_increasing
capability,,0.5,0.4,request_to_pickup_p95,C,M,C_to_M,291.9648606,292.1314224,0.16656180000001086,0.000570485775780412,non_monotone
capability,,0.5,0.4,request_to_pickup_p95,M,A,M_to_A,292.1314224,291.7275215,-0.40390089999999645,-0.0013825999842185974,non_monotone
capability,,0.5,0.4,request_to_pickup_p95,C,A,C_to_A,291.9648606,291.7275215,-0.2373390999999856,-0.0008129029620627763,non_monotone
capability,,0.5,0.4,AV_assignment_share,C,M,C_to_M,0.0611216131064902,0.0899416992132224,0.0288200861067322,0.4715203778493199,monotone_increasing
capability,,0.5,0.4,AV_assignment_share,M,A,M_to_A,0.0899416992132224,0.0954714430550861,0.005529743841863707,0.061481425081312845,monotone_increasing
capability,,0.5,0.4,AV_assignment_share,C,A,C_to_A,0.0611216131064902,0.0954714430550861,0.03434982994859591,0.561991547715688,monotone_increasing
capability,,0.5,0.7,service_rate,C,M,C_to_M,0.5916,0.6044333333333334,0.012833333333333363,0.021692585080009066,monotone_increasing
capability,,0.5,0.7,service_rate,M,A,M_to_A,0.6044333333333334,0.6089,0.004466666666666619,0.0073898417250316305,monotone_increasing
capability,,0.5,0.7,service_rate,C,A,C_to_A,0.5916,0.6089,0.017299999999999982,0.029242731575388745,monotone_increasing
capability,,0.5,0.7,request_to_pickup_p95,C,M,C_to_M,291.6265886,291.8394572,0.2128686000000357,0.0007299355008126845,non_monotone
capability,,0.5,0.7,request_to_pickup_p95,M,A,M_to_A,291.8394572,291.6385813,-0.2008759000000282,-0.0006883095998303144,non_monotone
capability,,0.5,0.7,request_to_pickup_p95,C,A,C_to_A,291.6265886,291.6385813,0.011992700000007517,4.1123479369903784e-05,non_monotone
capability,,0.5,0.7,AV_assignment_share,C,M,C_to_M,0.0907707910750507,0.1217117961727237,0.03094100509767299,0.34086962040564883,monotone_increasing
capability,,0.5,0.7,AV_assignment_share,M,A,M_to_A,0.1217117961727237,0.1283188262987901,0.006607030126066407,0.054284221692778536,monotone_increasing
capability,,0.5,0.7,AV_assignment_share,C,A,C_to_A,0.0907707910750507,0.1283188262987901,0.037548035223739396,0.41365768414086085,monotone_increasing
capability,,0.5,1.0,service_rate,C,M,C_to_M,0.5941333333333333,0.6097666666666667,0.015633333333333388,0.02631283662477568,monotone_increasing
capability,,0.5,1.0,service_rate,M,A,M_to_A,0.6097666666666667,0.614,0.004233333333333311,0.006942546329196924,monotone_increasing
capability,,0.5,1.0,service_rate,C,A,C_to_A,0.5941333333333333,0.614,0.0198666666666667,0.033438061041292697,monotone_increasing
capability,,0.5,1.0,request_to_pickup_p95,C,M,C_to_M,291.5451873999999,291.8858432,0.34065580000009277,0.0011684494024341862,non_monotone
capability,,0.5,1.0,request_to_pickup_p95,M,A,M_to_A,291.8858432,291.58553215,-0.3003110500000048,-0.0010288647325531024,non_monotone
capability,,0.5,1.0,request_to_pickup_p95,C,A,C_to_A,291.5451873999999,291.58553215,0.04034475000008797,0.00013838249349914662,non_monotone
capability,,0.5,1.0,AV_assignment_share,C,M,C_to_M,0.1131620287253141,0.1412015525064232,0.02803952378110909,0.24778208818764938,monotone_increasing
capability,,0.5,1.0,AV_assignment_share,M,A,M_to_A,0.1412015525064232,0.1491313789359392,0.007929826429516007,0.056159626355066335,monotone_increasing
capability,,0.5,1.0,AV_assignment_share,C,A,C_to_A,0.1131620287253141,0.1491313789359392,0.0359693502106251,0.3178570640328122,monotone_increasing
capability,,0.75,0.4,service_rate,C,M,C_to_M,0.3544,0.3721,0.017699999999999994,0.04994356659142211,monotone_increasing
capability,,0.75,0.4,service_rate,M,A,M_to_A,0.3721,0.3798333333333333,0.007733333333333314,0.020782943653139787,monotone_increasing
capability,,0.75,0.4,service_rate,C,A,C_to_A,0.3544,0.3798333333333333,0.025433333333333308,0.07176448457486825,monotone_increasing
capability,,0.75,0.4,request_to_pickup_p95,C,M,C_to_M,292.9722942,292.8357956,-0.13649860000003855,-0.0004659095849754879,monotone_decreasing
capability,,0.75,0.4,request_to_pickup_p95,M,A,M_to_A,292.8357956,292.7996601,-0.03613550000000032,-0.00012339850709152964,monotone_decreasing
capability,,0.75,0.4,request_to_pickup_p95,C,A,C_to_A,292.9722942,292.7996601,-0.17263410000003887,-0.0005892505995197919,monotone_decreasing
capability,,0.75,0.4,AV_assignment_share,C,M,C_to_M,0.1370391271632806,0.1882110543760637,0.0511719272127831,0.3734110707798972,monotone_increasing
capability,,0.75,0.4,AV_assignment_share,M,A,M_to_A,0.1882110543760637,0.1942079859587538,0.0059969315826901015,0.0318628021216419,monotone_increasing
capability,,0.75,0.4,AV_assignment_share,C,A,C_to_A,0.1370391271632806,0.1942079859587538,0.057168858795473204,0.4171717959598294,monotone_increasing
capability,,0.75,0.7,service_rate,C,M,C_to_M,0.3784,0.4013,0.022899999999999976,0.06051797040169127,monotone_increasing
capability,,0.75,0.7,service_rate,M,A,M_to_A,0.4013,0.4114333333333333,0.010133333333333328,0.02525126671650468,monotone_increasing
capability,,0.75,0.7,service_rate,C,A,C_to_A,0.3784,0.4114333333333333,0.0330333333333333,0.08729739252995058,monotone_increasing
capability,,0.75,0.7,request_to_pickup_p95,C,M,C_to_M,292.7290875,292.4717888,-0.25729869999997845,-0.0008789652651104529,non_monotone
capability,,0.75,0.7,request_to_pickup_p95,M,A,M_to_A,292.4717888,292.6282656,0.1564768000000072,0.0005350150202247717,non_monotone
capability,,0.75,0.7,request_to_pickup_p95,C,A,C_to_A,292.7290875,292.6282656,-0.10082189999997127,-0.00034442050450477103,non_monotone
capability,,0.75,0.7,AV_assignment_share,C,M,C_to_M,0.1937103594080338,0.2603206246365977,0.06661026522856392,0.34386527097528774,monotone_increasing
capability,,0.75,0.7,AV_assignment_share,M,A,M_to_A,0.2603206246365977,0.2645224013610953,0.0042017767244975635,0.016140775362548234,monotone_increasing
capability,,0.75,0.7,AV_assignment_share,C,A,C_to_A,0.1937103594080338,0.2645224013610953,0.07081204195306148,0.36555629843162984,monotone_increasing
capability,,0.75,1.0,service_rate,C,M,C_to_M,0.3907333333333333,0.4198,0.029066666666666685,0.07439003583006318,monotone_increasing
capability,,0.75,1.0,service_rate,M,A,M_to_A,0.4198,0.4234666666666666,0.003666666666666596,0.008734317929172453,monotone_increasing
capability,,0.75,1.0,service_rate,C,A,C_to_A,0.3907333333333333,0.4234666666666666,0.03273333333333328,0.08377409998293793,monotone_increasing
capability,,0.75,1.0,request_to_pickup_p95,C,M,C_to_M,292.6497926,292.59013105,-0.059661549999987074,-0.0002038667086346914,non_monotone
capability,,0.75,1.0,request_to_pickup_p95,M,A,M_to_A,292.59013105,292.75823775,0.16810669999995298,0.0005745467196609773,non_monotone
capability,,0.75,1.0,request_to_pickup_p95,C,A,C_to_A,292.6497926,292.75823775,0.1084451499999659,0.00037056288007759176,non_monotone
capability,,0.75,1.0,AV_assignment_share,C,M,C_to_M,0.2360518682818631,0.297681435604256,0.061629567322392886,0.261084852964615,monotone_increasing
capability,,0.75,1.0,AV_assignment_share,M,A,M_to_A,0.297681435604256,0.3081706549118388,0.010489219307582842,0.03523639049338446,monotone_increasing
capability,,0.75,1.0,AV_assignment_share,C,A,C_to_A,0.2360518682818631,0.3081706549118388,0.07211878662997573,0.30552093128896846,monotone_increasing
q_A_marginal_mean,,0.25,,service_rate,0.25,0.25,marginal_mean,0.7257777777777779,0.7257777777777779,0.0,0.0,not_applicable
q_A_marginal_mean,,0.25,,request_to_pickup_p95,0.25,0.25,marginal_mean,289.5994578666666,289.5994578666666,0.0,0.0,not_applicable
q_A_marginal_mean,,0.25,,AV_assignment_share,0.25,0.25,marginal_mean,0.05018004231349953,0.05018004231349953,0.0,0.0,not_applicable
q_A_marginal_mean,,0.25,,first_window_match_rate,0.25,0.25,marginal_mean,0.6073370370370371,0.6073370370370371,0.0,0.0,not_applicable
q_A_marginal_mean,,0.5,,service_rate,0.5,0.5,marginal_mean,0.5983814814814814,0.5983814814814814,0.0,0.0,not_applicable
q_A_marginal_mean,,0.5,,request_to_pickup_p95,0.5,0.5,marginal_mean,291.7716660388889,291.7716660388889,0.0,0.0,not_applicable
q_A_marginal_mean,,0.5,,AV_assignment_share,0.5,0.5,marginal_mean,0.11009234767655997,0.11009234767655997,0.0,0.0,not_applicable
q_A_marginal_mean,,0.5,,first_window_match_rate,0.5,0.5,marginal_mean,0.45720740740740734,0.45720740740740734,0.0,0.0,not_applicable
q_A_marginal_mean,,0.75,,service_rate,0.75,0.75,marginal_mean,0.39238518518518517,0.39238518518518517,0.0,0.0,not_applicable
q_A_marginal_mean,,0.75,,request_to_pickup_p95,0.75,0.75,marginal_mean,292.7150059111111,292.7150059111111,0.0,0.0,not_applicable
q_A_marginal_mean,,0.75,,AV_assignment_share,0.75,0.75,marginal_mean,0.2311017235224203,0.2311017235224203,0.0,0.0,not_applicable
q_A_marginal_mean,,0.75,,first_window_match_rate,0.75,0.75,marginal_mean,0.2708777777777778,0.2708777777777778,0.0,0.0,not_applicable
p_A_marginal_mean,,,0.4,service_rate,0.4,0.4,marginal_mean,0.5592111111111111,0.5592111111111111,0.0,0.0,not_applicable
p_A_marginal_mean,,,0.4,request_to_pickup_p95,0.4,0.4,marginal_mean,291.48189755,291.48189755,0.0,0.0,not_applicable
p_A_marginal_mean,,,0.4,AV_assignment_share,0.4,0.4,marginal_mean,0.09812898435321993,0.09812898435321993,0.0,0.0,not_applicable
p_A_marginal_mean,,,0.4,first_window_match_rate,0.4,0.4,marginal_mean,0.4293888888888888,0.4293888888888888,0.0,0.0,not_applicable
p_A_marginal_mean,,,0.7,service_rate,0.7,0.7,marginal_mean,0.5752740740740739,0.5752740740740739,0.0,0.0,not_applicable
p_A_marginal_mean,,,0.7,request_to_pickup_p95,0.7,0.7,marginal_mean,291.2915185222222,291.2915185222222,0.0,0.0,not_applicable
p_A_marginal_mean,,,0.7,AV_assignment_share,0.7,0.7,marginal_mean,0.13468233214759356,0.13468233214759356,0.0,0.0,not_applicable
p_A_marginal_mean,,,0.7,first_window_match_rate,0.7,0.7,marginal_mean,0.4492296296296296,0.4492296296296296,0.0,0.0,not_applicable
p_A_marginal_mean,,,1.0,service_rate,1.0,1.0,marginal_mean,0.5820592592592592,0.5820592592592592,0.0,0.0,not_applicable
p_A_marginal_mean,,,1.0,request_to_pickup_p95,1.0,1.0,marginal_mean,291.31271374444447,291.31271374444447,0.0,0.0,not_applicable
p_A_marginal_mean,,,1.0,AV_assignment_share,1.0,1.0,marginal_mean,0.15856279701166628,0.15856279701166628,0.0,0.0,not_applicable
p_A_marginal_mean,,,1.0,first_window_match_rate,1.0,1.0,marginal_mean,0.45680370370370366,0.45680370370370366,0.0,0.0,not_applicable
capability_marginal_mean,C,,,service_rate,C,C,marginal_mean,0.5619814814814814,0.5619814814814814,0.0,0.0,not_applicable
capability_marginal_mean,C,,,request_to_pickup_p95,C,C,marginal_mean,291.41865397777775,291.41865397777775,0.0,0.0,not_applicable
capability_marginal_mean,C,,,AV_assignment_share,C,C,marginal_mean,0.10626148077834194,0.10626148077834194,0.0,0.0,not_applicable
capability_marginal_mean,C,,,first_window_match_rate,C,C,marginal_mean,0.43234074074074075,0.43234074074074075,0.0,0.0,not_applicable
capability_marginal_mean,M,,,service_rate,M,M,marginal_mean,0.5753703703703705,0.5753703703703705,0.0,0.0,not_applicable
capability_marginal_mean,M,,,request_to_pickup_p95,M,M,marginal_mean,291.3992765611111,291.3992765611111,0.0,0.0,not_applicable
capability_marginal_mean,M,,,AV_assignment_share,M,M,marginal_mean,0.13979444983183298,0.13979444983183298,0.0,0.0,not_applicable
capability_marginal_mean,M,,,first_window_match_rate,M,M,marginal_mean,0.4493740740740741,0.4493740740740741,0.0,0.0,not_applicable
capability_marginal_mean,A,,,service_rate,A,A,marginal_mean,0.5791925925925925,0.5791925925925925,0.0,0.0,not_applicable
capability_marginal_mean,A,,,request_to_pickup_p95,A,A,marginal_mean,291.26819927777774,291.26819927777774,0.0,0.0,not_applicable
capability_marginal_mean,A,,,AV_assignment_share,A,A,marginal_mean,0.14531818290230492,0.14531818290230492,0.0,0.0,not_applicable
capability_marginal_mean,A,,,first_window_match_rate,A,A,marginal_mean,0.4537074074074074,0.4537074074074074,0.0,0.0,not_applicable
