scope,date,support_dimension,target,support_group,comparison,n,baseline_mae,candidate_mae,absolute_improvement,relative_improvement
daily,20161025,spatial,crawl,unseen,M3_vs_M1,56,0.4837558870203793,0.47532566932828296,0.008430217692096342,0.017426594524814952
daily,20161025,spatial,crawl,unseen,M4_vs_M1,56,0.4837558870203793,0.45054074809221284,0.033215138928166466,0.06866095032507005
daily,20161025,spatial,crawl,unseen,M4_vs_M3,56,0.47532566932828296,0.45054074809221284,0.024784921236070123,0.05214303126337672
daily,20161025,spatial,crawl,low,M3_vs_M1,231,0.37072335611786933,0.34807098105356293,0.022652375064306396,0.06110317758642702
daily,20161025,spatial,crawl,low,M4_vs_M1,231,0.37072335611786933,0.3524390418864625,0.018284314231406806,0.04932064281807326
daily,20161025,spatial,crawl,low,M4_vs_M3,231,0.34807098105356293,0.3524390418864625,-0.00436806083289959,-0.012549339274644702
daily,20161025,spatial,crawl,medium,M3_vs_M1,34752,0.21481969667430428,0.20976623594188634,0.0050534607324179415,0.023524196387259923
daily,20161025,spatial,crawl,medium,M4_vs_M1,34752,0.21481969667430428,0.20994384098064692,0.004875855693657366,0.02269743309920888
daily,20161025,spatial,crawl,medium,M4_vs_M3,34752,0.20976623594188634,0.20994384098064692,-0.00017760503876057543,-0.0008466807728283743
daily,20161025,spatial,crawl,high,M3_vs_M1,225317,0.1686571012575372,0.16670475168457602,0.0019523495729611706,0.011575851585282248
daily,20161025,spatial,crawl,high,M4_vs_M1,225317,0.1686571012575372,0.16656614876586173,0.0020909524916754574,0.012397654626368802
daily,20161025,spatial,crawl,high,M4_vs_M3,225317,0.16670475168457602,0.16656614876586173,0.00013860291871428676,0.000831427522693168
daily,20161025,spatial,stop,unseen,M3_vs_M1,56,0.07713551481512175,0.0924584771083963,-0.015322962293274553,-0.1986498998548282
daily,20161025,spatial,stop,unseen,M4_vs_M1,56,0.07713551481512175,0.11743384518194944,-0.04029833036682769,-0.5224354885478453
daily,20161025,spatial,stop,unseen,M4_vs_M3,56,0.0924584771083963,0.11743384518194944,-0.024975368073553134,-0.270125237345977
daily,20161025,spatial,stop,low,M3_vs_M1,231,0.11509100573601803,0.1157803028112996,-0.0006892970752815641,-0.005989148073504469
daily,20161025,spatial,stop,low,M4_vs_M1,231,0.11509100573601803,0.11779627212666195,-0.002705266390643918,-0.023505454430113627
daily,20161025,spatial,stop,low,M4_vs_M3,231,0.1157803028112996,0.11779627212666195,-0.0020159693153623537,-0.0174120231715753
daily,20161025,spatial,stop,medium,M3_vs_M1,34752,0.011617493735066807,0.011798972889297875,-0.00018147915423106717,-0.01562119665132951
daily,20161025,spatial,stop,medium,M4_vs_M1,34752,0.011617493735066807,0.011830399200315403,-0.00021290546524859594,-0.018326281907598687
daily,20161025,spatial,stop,medium,M4_vs_M3,34752,0.011798972889297875,0.011830399200315403,-3.142631101752877e-05,-0.002663478534308156
daily,20161025,spatial,stop,high,M3_vs_M1,225317,0.004328554488239307,0.00436379895597854,-3.524446773923301e-05,-0.008142318142232544
daily,20161025,spatial,stop,high,M4_vs_M1,225317,0.004328554488239307,0.004380145838216739,-5.159134997743259e-05,-0.01191884036982933
daily,20161025,spatial,stop,high,M4_vs_M3,225317,0.00436379895597854,0.004380145838216739,-1.6346882238199578e-05,-0.0037460209333896656
daily,20161025,spatial,speed_cv,unseen,M3_vs_M1,30,0.08870369059344133,0.0887517999857664,-4.8109392325079714e-05,-0.0005423606616953645
daily,20161025,spatial,speed_cv,unseen,M4_vs_M1,30,0.08870369059344133,0.0988716101894776,-0.010167919596036273,-0.11462792052970207
daily,20161025,spatial,speed_cv,unseen,M4_vs_M3,30,0.0887517999857664,0.0988716101894776,-0.010119810203711194,-0.1140237178889235
daily,20161025,spatial,speed_cv,low,M3_vs_M1,122,0.09032134748303809,0.0863782814161437,0.003943066066894388,0.043655970341174063
daily,20161025,spatial,speed_cv,low,M4_vs_M1,122,0.09032134748303809,0.08597384716807151,0.004347500314966585,0.048133696364339826
daily,20161025,spatial,speed_cv,low,M4_vs_M3,122,0.0863782814161437,0.08597384716807151,0.00040443424807219686,0.004682128903720119
daily,20161025,spatial,speed_cv,medium,M3_vs_M1,24891,0.06275538352170874,0.06235642254112506,0.0003989609805836805,0.0063573984922850385
daily,20161025,spatial,speed_cv,medium,M4_vs_M1,24891,0.06275538352170874,0.062362400963803674,0.0003929825579050694,0.006262132997229256
daily,20161025,spatial,speed_cv,medium,M4_vs_M3,24891,0.06235642254112506,0.062362400963803674,-5.978422678611095e-06,-9.587501070428197e-05
daily,20161025,spatial,speed_cv,high,M3_vs_M1,151812,0.06316377594790014,0.06286039389265283,0.00030338205524731154,0.004803101947191258
daily,20161025,spatial,speed_cv,high,M4_vs_M1,151812,0.06316377594790014,0.06286292754453962,0.000300848403360518,0.0047629895275524544
daily,20161025,spatial,speed_cv,high,M4_vs_M3,151812,0.06286039389265283,0.06286292754453962,-2.533651886793553e-06,-4.0306013530877485e-05
daily,20161025,spatial,acceleration_rms,unseen,M3_vs_M1,18,0.11402270363436805,0.11861763811773723,-0.004594934483369187,-0.0402984172178865
daily,20161025,spatial,acceleration_rms,unseen,M4_vs_M1,18,0.11402270363436805,0.11979235625929302,-0.005769652624924973,-0.050600910529417745
daily,20161025,spatial,acceleration_rms,unseen,M4_vs_M3,18,0.11861763811773723,0.11979235625929302,-0.0011747181415557861,-0.009903401890280323
daily,20161025,spatial,acceleration_rms,low,M3_vs_M1,79,0.11971952681300006,0.12103366927255559,-0.0013141424595555229,-0.010976843080980363
daily,20161025,spatial,acceleration_rms,low,M4_vs_M1,79,0.11971952681300006,0.12075346331053143,-0.0010339364975313625,-0.008636322954620046
daily,20161025,spatial,acceleration_rms,low,M4_vs_M3,79,0.12103366927255559,0.12075346331053143,0.00028020596202416037,0.002315107554024202
daily,20161025,spatial,acceleration_rms,medium,M3_vs_M1,17656,0.11256759174816437,0.11222283323581256,0.0003447585123518143,0.003062680004055752
daily,20161025,spatial,acceleration_rms,medium,M4_vs_M1,17656,0.11256759174816437,0.11221707388468491,0.0003505178634794631,0.003113843496480229
daily,20161025,spatial,acceleration_rms,medium,M4_vs_M3,17656,0.11222283323581256,0.11221707388468491,5.759351127648804e-06,5.132067121801091e-05
daily,20161025,spatial,acceleration_rms,high,M3_vs_M1,103528,0.12007131697464592,0.1196028771248311,0.0004684398498148168,0.003901346813025561
daily,20161025,spatial,acceleration_rms,high,M4_vs_M1,103528,0.12007131697464592,0.11959934154899282,0.0004719754256530956,0.003930792445232838
daily,20161025,spatial,acceleration_rms,high,M4_vs_M3,103528,0.1196028771248311,0.11959934154899282,3.5355758382787927e-06,2.956095976344002e-05
daily,20161025,spatiotemporal,crawl,unseen,M3_vs_M1,2582,0.22526957423278865,0.2179991484978662,0.007270425734922453,0.03227433513684078
daily,20161025,spatiotemporal,crawl,unseen,M4_vs_M1,2582,0.22526957423278865,0.21863968408406667,0.006629890148721979,0.02943091703041439
daily,20161025,spatiotemporal,crawl,unseen,M4_vs_M3,2582,0.2179991484978662,0.21863968408406667,-0.0006405355862004747,-0.002938248110665186
daily,20161025,spatiotemporal,crawl,low,M3_vs_M1,5686,0.20128104074890807,0.19443991709776706,0.006841123651141007,0.03398791871150497
daily,20161025,spatiotemporal,crawl,low,M4_vs_M1,5686,0.20128104074890807,0.19487895334329547,0.0064020874056126,0.031806708579170194
daily,20161025,spatiotemporal,crawl,low,M4_vs_M3,5686,0.19443991709776706,0.19487895334329547,-0.0004390362455284069,-0.002257953264337453
daily,20161025,spatiotemporal,crawl,medium,M3_vs_M1,66622,0.17434230567482065,0.17091563386494707,0.003426671809873577,0.019654849674094182
daily,20161025,spatiotemporal,crawl,medium,M4_vs_M1,66622,0.17434230567482065,0.17085992517589374,0.003482380498926907,0.019974385938328502
daily,20161025,spatiotemporal,crawl,medium,M4_vs_M3,66622,0.17091563386494707,0.17085992517589374,5.570868905332982e-05,0.00032594261738132935
daily,20161025,spatiotemporal,crawl,high,M3_vs_M1,185466,0.17382318312127853,0.1720155331515313,0.0018076499697472215,0.010399360645041244
daily,20161025,spatiotemporal,crawl,high,M4_vs_M1,185466,0.17382318312127853,0.17187601865421487,0.0019471644670636667,0.011201983717586777
daily,20161025,spatiotemporal,crawl,high,M4_vs_M3,185466,0.1720155331515313,0.17187601865421487,0.00013951449731644527,0.0008110575525382621
daily,20161025,spatiotemporal,stop,unseen,M3_vs_M1,2582,0.035840975668385164,0.03786619843544627,-0.002025222767061109,-0.0565057934192213
daily,20161025,spatiotemporal,stop,unseen,M4_vs_M1,2582,0.035840975668385164,0.038811568434228685,-0.0029705927658435216,-0.08288258649342074
daily,20161025,spatiotemporal,stop,unseen,M4_vs_M3,2582,0.03786619843544627,0.038811568434228685,-0.0009453699987824124,-0.02496606572202026
daily,20161025,spatiotemporal,stop,low,M3_vs_M1,5686,0.017052175430824934,0.016699879542288947,0.00035229588853598684,0.020659879436798863
daily,20161025,spatiotemporal,stop,low,M4_vs_M1,5686,0.017052175430824934,0.01677395510801461,0.0002782203228103228,0.01631582573959382
daily,20161025,spatiotemporal,stop,low,M4_vs_M3,5686,0.016699879542288947,0.01677395510801461,-7.407556572566407e-05,-0.004435694613130784
daily,20161025,spatiotemporal,stop,medium,M3_vs_M1,66622,0.0067092438088820665,0.006703648498422887,5.5953104591797975e-06,0.0008339703576984961
daily,20161025,spatiotemporal,stop,medium,M4_vs_M1,66622,0.0067092438088820665,0.006702810052094482,6.433756787584122e-06,0.0009589391846316212
daily,20161025,spatiotemporal,stop,medium,M4_vs_M3,66622,0.006703648498422887,0.006702810052094482,8.384463284043242e-07,0.00012507313421960872
daily,20161025,spatiotemporal,stop,high,M3_vs_M1,185466,0.004170308063750457,0.004237231676861904,-6.692361311144701e-05,-0.016047642545443278
daily,20161025,spatiotemporal,stop,high,M4_vs_M1,185466,0.004170308063750457,0.004257900624903227,-8.759256115276927e-05,-0.02100385866314039
daily,20161025,spatiotemporal,stop,high,M4_vs_M3,185466,0.004237231676861904,0.004257900624903227,-2.0668948041322258e-05,-0.004877936732652223
daily,20161025,spatiotemporal,speed_cv,unseen,M3_vs_M1,1733,0.07126907988789848,0.07034561291440593,0.0009234669734925482,0.012957470125124394
daily,20161025,spatiotemporal,speed_cv,unseen,M4_vs_M1,1733,0.07126907988789848,0.07058976939284849,0.0006793104950499895,0.009531629931500446
daily,20161025,spatiotemporal,speed_cv,unseen,M4_vs_M3,1733,0.07034561291440593,0.07058976939284849,-0.0002441564784425587,-0.0034708131513423554
daily,20161025,spatiotemporal,speed_cv,low,M3_vs_M1,4051,0.06372634567355084,0.06331520708029784,0.0004111385932530076,0.006451626700189835
daily,20161025,spatiotemporal,speed_cv,low,M4_vs_M1,4051,0.06372634567355084,0.06331712825048413,0.00040921742306671005,0.006421479511205564
daily,20161025,spatiotemporal,speed_cv,low,M4_vs_M3,4051,0.06331520708029784,0.06331712825048413,-1.9211701862975605e-06,-3.0342950373061046e-05
daily,20161025,spatiotemporal,speed_cv,medium,M3_vs_M1,45693,0.06333835752144361,0.06299010038879174,0.0003482571326518663,0.005498360650320963
daily,20161025,spatiotemporal,speed_cv,medium,M4_vs_M1,45693,0.06333835752144361,0.06299343976908307,0.0003449177523605351,0.005445637775557426
daily,20161025,spatiotemporal,speed_cv,medium,M4_vs_M3,45693,0.06299010038879174,0.06299343976908307,-3.3393802913311843e-06,-5.301436687224875e-05
daily,20161025,spatiotemporal,speed_cv,high,M3_vs_M1,125378,0.06292140095196605,0.0626239932628283,0.0002974076891377464,0.004726653962533133
daily,20161025,spatiotemporal,speed_cv,high,M4_vs_M1,125378,0.06292140095196605,0.0626256220084277,0.0002957789435383551,0.004700768563054589
daily,20161025,spatiotemporal,speed_cv,high,M4_vs_M3,125378,0.0626239932628283,0.0626256220084277,-1.6287455993913014e-06,-2.6008331863405384e-05
daily,20161025,spatiotemporal,acceleration_rms,unseen,M3_vs_M1,1189,0.1214066280182874,0.12048468328706914,0.0009219447312182605,0.00759385831125619
daily,20161025,spatiotemporal,acceleration_rms,unseen,M4_vs_M1,1189,0.1214066280182874,0.12028297743445954,0.0011236505838278649,0.009255265566379211
daily,20161025,spatiotemporal,acceleration_rms,unseen,M4_vs_M3,1189,0.12048468328706914,0.12028297743445954,0.00020170585260960439,0.0016741202873813937
daily,20161025,spatiotemporal,acceleration_rms,low,M3_vs_M1,2862,0.11333568120547093,0.1131442356109489,0.00019144559452202725,0.0016891908398639934
daily,20161025,spatiotemporal,acceleration_rms,low,M4_vs_M1,2862,0.11333568120547093,0.11311856786096319,0.00021711334450773279,0.0019156662950136512
daily,20161025,spatiotemporal,acceleration_rms,low,M4_vs_M3,2862,0.1131442356109489,0.11311856786096319,2.5667749985705535e-05,0.00022685866272467603
daily,20161025,spatiotemporal,acceleration_rms,medium,M3_vs_M1,31654,0.11824919947193752,0.11791060595794194,0.00033859351399558035,0.0028633894817692543
daily,20161025,spatiotemporal,acceleration_rms,medium,M4_vs_M1,31654,0.11824919947193752,0.1179155561487345,0.0003336433232030145,0.0028215271197856483
daily,20161025,spatiotemporal,acceleration_rms,medium,M4_vs_M3,31654,0.11791060595794194,0.1179155561487345,-4.950190792565867e-06,-4.1982574445691284e-05
daily,20161025,spatiotemporal,acceleration_rms,high,M3_vs_M1,85576,0.11940225757843163,0.11891105417652281,0.0004912034019088213,0.004113853555793658
daily,20161025,spatiotemporal,acceleration_rms,high,M4_vs_M1,85576,0.11940225757843163,0.11890740696791896,0.0004948506105126732,0.004144399113958304
daily,20161025,spatiotemporal,acceleration_rms,high,M4_vs_M3,85576,0.11891105417652281,0.11890740696791896,3.647208603851926e-06,3.0671737199786864e-05
daily,20161025,target_specific,crawl,unseen,M3_vs_M1,4944,0.23910662902309635,0.23064872184842256,0.00845790717467379,0.03537295142853109
daily,20161025,target_specific,crawl,unseen,M4_vs_M1,4944,0.23910662902309635,0.2309312240386046,0.008175404984491735,0.03419146101424916
daily,20161025,target_specific,crawl,unseen,M4_vs_M3,4944,0.23064872184842256,0.2309312240386046,-0.0002825021901820546,-0.0012248157627671964
daily,20161025,target_specific,crawl,low,M3_vs_M1,9504,0.22014058691360583,0.21213679661813137,0.008003790295474461,0.036357631310465925
daily,20161025,target_specific,crawl,low,M4_vs_M1,9504,0.22014058691360583,0.21240138557372157,0.007739201339884261,0.035155722297231407
daily,20161025,target_specific,crawl,low,M4_vs_M3,9504,0.21213679661813137,0.21240138557372157,-0.00026458895559020035,-0.0012472562978618387
daily,20161025,target_specific,crawl,medium,M3_vs_M1,58412,0.19380419791409118,0.1900324663510266,0.0037717315630645676,0.0194615576115461
daily,20161025,target_specific,crawl,medium,M4_vs_M1,58412,0.19380419791409118,0.1899542065118036,0.0038499914022875614,0.019865366404468555
daily,20161025,target_specific,crawl,medium,M4_vs_M3,58412,0.1900324663510266,0.1899542065118036,7.825983922299384e-05,0.0004118235200843672
daily,20161025,target_specific,crawl,high,M3_vs_M1,187496,0.16525474403363968,0.16374526166157313,0.0015094823720665507,0.009134275574922536
daily,20161025,target_specific,crawl,high,M4_vs_M1,187496,0.16525474403363968,0.1636131178953101,0.0016416261383295772,0.009933912323844715
daily,20161025,target_specific,crawl,high,M4_vs_M3,187496,0.16374526166157313,0.1636131178953101,0.00013214376626302649,0.0008070081840666617
daily,20161025,target_specific,stop,unseen,M3_vs_M1,4944,0.05127020181522433,0.04944947062459637,0.001820731190627957,0.03551246389062006
daily,20161025,target_specific,stop,unseen,M4_vs_M1,4944,0.05127020181522433,0.04986950230459424,0.0014006995106300851,0.02731995313141438
daily,20161025,target_specific,stop,unseen,M4_vs_M3,4944,0.04944947062459637,0.04986950230459424,-0.0004200316799978718,-0.008494159284062108
daily,20161025,target_specific,stop,low,M3_vs_M1,9504,0.015738054094500093,0.014746597645301807,0.0009914564491982861,0.06299739747017175
daily,20161025,target_specific,stop,low,M4_vs_M1,9504,0.015738054094500093,0.014872703351011334,0.0008653507434887592,0.054984608535001124
daily,20161025,target_specific,stop,low,M4_vs_M3,9504,0.014746597645301807,0.014872703351011334,-0.0001261057057095269,-0.00855151193127613
daily,20161025,target_specific,stop,medium,M3_vs_M1,58412,0.00645926340029173,0.006439192293809543,2.007110648218676e-05,0.0031073367407931153
daily,20161025,target_specific,stop,medium,M4_vs_M1,58412,0.00645926340029173,0.0064425616339804865,1.670176631124367e-05,0.0025857075762678048
daily,20161025,target_specific,stop,medium,M4_vs_M3,58412,0.006439192293809543,0.0064425616339804865,-3.3693401709430915e-06,-0.0005232550943046505
daily,20161025,target_specific,stop,high,M3_vs_M1,187496,0.0033578360468270578,0.003543771455527696,-0.00018593540870063836,-0.05537358170787866
daily,20161025,target_specific,stop,high,M4_vs_M1,187496,0.0033578360468270578,0.003560666279943552,-0.0002028302331164942,-0.0604050436912058
daily,20161025,target_specific,stop,high,M4_vs_M3,187496,0.003543771455527696,0.003560666279943552,-1.689482441585583e-05,-0.004767470088823789
daily,20161025,target_specific,speed_cv,unseen,M3_vs_M1,3326,0.07316390031109359,0.07195531563943833,0.0012085846716552578,0.01651886608718705
daily,20161025,target_specific,speed_cv,unseen,M4_vs_M1,3326,0.07316390031109359,0.07208298935193297,0.0010809109591606164,0.014773829095559052
daily,20161025,target_specific,speed_cv,unseen,M4_vs_M3,3326,0.07195531563943833,0.07208298935193297,-0.00012767371249464143,-0.0017743471953399945
daily,20161025,target_specific,speed_cv,low,M3_vs_M1,6801,0.06639101933938851,0.06591760095256044,0.0004734183868280728,0.007130759424071725
daily,20161025,target_specific,speed_cv,low,M4_vs_M1,6801,0.06639101933938851,0.06592339815335602,0.00046762118603249636,0.0070434403731931515
daily,20161025,target_specific,speed_cv,low,M4_vs_M3,6801,0.06591760095256044,0.06592339815335602,-5.79720079557644e-06,-8.794617388682832e-05
daily,20161025,target_specific,speed_cv,medium,M3_vs_M1,41033,0.06391364513426497,0.06357998687284493,0.00033365826142003896,0.005220454266363855
daily,20161025,target_specific,speed_cv,medium,M4_vs_M1,41033,0.06391364513426497,0.06358392815680583,0.0003297169774591352,0.0051587884991771416
daily,20161025,target_specific,speed_cv,medium,M4_vs_M3,41033,0.06357998687284493,0.06358392815680583,-3.941283960903763e-06,-6.198937990953076e-05
daily,20161025,target_specific,speed_cv,high,M3_vs_M1,125695,0.06243133509523871,0.062148613311478716,0.00028272178375999407,0.004528523750592604
daily,20161025,target_specific,speed_cv,high,M4_vs_M1,125695,0.06243133509523871,0.06214990141977135,0.0002814336754673602,0.004507891350361713
daily,20161025,target_specific,speed_cv,high,M4_vs_M3,125695,0.062148613311478716,0.06214990141977135,-1.2881082926338716e-06,-2.0726259589704487e-05
daily,20161025,target_specific,acceleration_rms,unseen,M3_vs_M1,2692,0.12018069396793701,0.11933786803902649,0.0008428259289105233,0.0070129893669558995
daily,20161025,target_specific,acceleration_rms,unseen,M4_vs_M1,2692,0.12018069396793701,0.11923780844649749,0.000942885521439521,0.00784556562546621
daily,20161025,target_specific,acceleration_rms,unseen,M4_vs_M3,2692,0.11933786803902649,0.11923780844649749,0.00010005959252899765,0.0008384563439349834
daily,20161025,target_specific,acceleration_rms,low,M3_vs_M1,5354,0.11521364039350217,0.11488292961338034,0.0003307107801218262,0.0028704134249409384
daily,20161025,target_specific,acceleration_rms,low,M4_vs_M1,5354,0.11521364039350217,0.11489099580898392,0.0003226445845182502,0.002800402655590828
daily,20161025,target_specific,acceleration_rms,low,M4_vs_M3,5354,0.11488292961338034,0.11489099580898392,-8.06619560357602e-06,-7.021230770073047e-05
daily,20161025,target_specific,acceleration_rms,medium,M3_vs_M1,27458,0.11990284799095245,0.119612713233853,0.00029013475709945,0.002419748671202062
daily,20161025,target_specific,acceleration_rms,medium,M4_vs_M1,27458,0.11990284799095245,0.11959672063993491,0.00030612735101753774,0.0025531282713204383
daily,20161025,target_specific,acceleration_rms,medium,M4_vs_M3,27458,0.119612713233853,0.11959672063993491,1.5992593918087716e-05,0.00013370312808489544
daily,20161025,target_specific,acceleration_rms,high,M3_vs_M1,85777,0.11887888706735265,0.11838468538260186,0.0004942016847507974,0.004157186334279861
daily,20161025,target_specific,acceleration_rms,high,M4_vs_M1,85777,0.11887888706735265,0.11838697724536555,0.0004919098219871021,0.004137907362039847
daily,20161025,target_specific,acceleration_rms,high,M4_vs_M3,85777,0.11838468538260186,0.11838697724536555,-2.291862763695307e-06,-1.935945309385538e-05
daily,20161026,spatial,crawl,unseen,M3_vs_M1,47,0.4513839134510527,0.4398732802018206,0.011510633249232127,0.02550076089603561
daily,20161026,spatial,crawl,unseen,M4_vs_M1,47,0.4513839134510527,0.4395160204830005,0.01186789296805224,0.026292237304861715
daily,20161026,spatial,crawl,unseen,M4_vs_M3,47,0.4398732802018206,0.4395160204830005,0.0003572597188201132,0.0008121878161278562
daily,20161026,spatial,crawl,low,M3_vs_M1,240,0.35209716566993543,0.34444303465425036,0.007654131015685073,0.02173868966289903
daily,20161026,spatial,crawl,low,M4_vs_M1,240,0.35209716566993543,0.3440400832662514,0.008057082403684024,0.022883122016486016
daily,20161026,spatial,crawl,low,M4_vs_M3,240,0.34444303465425036,0.3440400832662514,0.00040295138799895103,0.0011698636565649556
daily,20161026,spatial,crawl,medium,M3_vs_M1,34603,0.21167731538708903,0.20711522507045363,0.004562090316635403,0.02155209833558604
daily,20161026,spatial,crawl,medium,M4_vs_M1,34603,0.21167731538708903,0.20727408692238244,0.004403228464706588,0.02080160765764869
daily,20161026,spatial,crawl,medium,M4_vs_M3,34603,0.20711522507045363,0.20727408692238244,-0.0001588618519288154,-0.0007670216029496429
daily,20161026,spatial,crawl,high,M3_vs_M1,225662,0.1630241288377197,0.16089749129644892,0.002126637541270765,0.013044925045345278
daily,20161026,spatial,crawl,high,M4_vs_M1,225662,0.1630241288377197,0.1607440447119677,0.00228008412575198,0.013986175801139603
daily,20161026,spatial,crawl,high,M4_vs_M3,225662,0.16089749129644892,0.1607440447119677,0.00015344658448121495,0.0009536915911168192
daily,20161026,spatial,stop,unseen,M3_vs_M1,47,0.13424035778734833,0.1353385401629605,-0.0010981823756121833,-0.008180716989385758
daily,20161026,spatial,stop,unseen,M4_vs_M1,47,0.13424035778734833,0.1504647677808881,-0.016224409993539773,-0.12086089653635343
daily,20161026,spatial,stop,unseen,M4_vs_M3,47,0.1353385401629605,0.1504647677808881,-0.01512622761792759,-0.1117658547204231
daily,20161026,spatial,stop,low,M3_vs_M1,240,0.10766195700289245,0.11417452752605944,-0.006512570523166991,-0.060490917167630755
daily,20161026,spatial,stop,low,M4_vs_M1,240,0.10766195700289245,0.11534354284873795,-0.0076815858458454955,-0.07134911959327585
daily,20161026,spatial,stop,low,M4_vs_M3,240,0.11417452752605944,0.11534354284873795,-0.0011690153226785044,-0.010238845283696802
daily,20161026,spatial,stop,medium,M3_vs_M1,34603,0.011721528105873147,0.012172185801797682,-0.00045065769592453515,-0.03844700894405826
daily,20161026,spatial,stop,medium,M4_vs_M1,34603,0.011721528105873147,0.012204146744023191,-0.00048261863815004385,-0.04117369627840799
daily,20161026,spatial,stop,medium,M4_vs_M3,34603,0.012172185801797682,0.012204146744023191,-3.19609422255087e-05,-0.0026257356522432036
daily,20161026,spatial,stop,high,M3_vs_M1,225662,0.004262070168549673,0.004335756658743343,-7.368649019367027e-05,-0.017288896540796468
daily,20161026,spatial,stop,high,M4_vs_M1,225662,0.004262070168549673,0.004356212813461943,-9.41426449122696e-05,-0.02208847841289885
daily,20161026,spatial,stop,high,M4_vs_M3,225662,0.004335756658743343,0.004356212813461943,-2.0456154718599337e-05,-0.004718012639696495
daily,20161026,spatial,speed_cv,unseen,M3_vs_M1,16,0.07461242936551571,0.0756232738494873,-0.0010108444839715958,-0.013547936886220552
daily,20161026,spatial,speed_cv,unseen,M4_vs_M1,16,0.07461242936551571,0.07467369409278035,-6.126472726464272e-05,-0.0008211061854656348
daily,20161026,spatial,speed_cv,unseen,M4_vs_M3,16,0.0756232738494873,0.07467369409278035,0.000949579756706953,0.01255671314358722
daily,20161026,spatial,speed_cv,low,M3_vs_M1,122,0.10419611483699615,0.10046123680164232,0.003734878035353828,0.03584469575661867
daily,20161026,spatial,speed_cv,low,M4_vs_M1,122,0.10419611483699615,0.10053933464244393,0.00365678019455222,0.03509516837813836
daily,20161026,spatial,speed_cv,low,M4_vs_M3,122,0.10046123680164232,0.10053933464244393,-7.809784080160809e-05,-0.0007773927863919287
daily,20161026,spatial,speed_cv,medium,M3_vs_M1,24730,0.06265426251996536,0.062264861783220604,0.0003894007367447605,0.006215071745847688
daily,20161026,spatial,speed_cv,medium,M4_vs_M1,24730,0.06265426251996536,0.06228564936750454,0.0003686131524608255,0.005883289302836554
daily,20161026,spatial,speed_cv,medium,M4_vs_M3,24730,0.062264861783220604,0.06228564936750454,-2.0787584283935012e-05,-0.0003338573906468855
daily,20161026,spatial,speed_cv,high,M3_vs_M1,151858,0.06311316081385675,0.0628282687868304,0.0002848920270263483,0.004513987627185978
daily,20161026,spatial,speed_cv,high,M4_vs_M1,151858,0.06311316081385675,0.06284023221041217,0.0002729286034445777,0.004324432494349976
daily,20161026,spatial,speed_cv,high,M4_vs_M3,151858,0.0628282687868304,0.06284023221041217,-1.1963423581770605e-05,-0.0001904146622655038
daily,20161026,spatial,acceleration_rms,unseen,M3_vs_M1,11,0.15913757614114069,0.15904604508118195,9.153105995873823e-05,0.0005751693734329498
daily,20161026,spatial,acceleration_rms,unseen,M4_vs_M1,11,0.15913757614114069,0.15883688967336307,0.00030068646777761665,0.0018894749754824395
daily,20161026,spatial,acceleration_rms,unseen,M4_vs_M3,11,0.15904604508118195,0.15883688967336307,0.00020915540781887842,0.0013150619854276737
daily,20161026,spatial,acceleration_rms,low,M3_vs_M1,77,0.1372284230764036,0.13562202545536028,0.0016063976210433095,0.011706012391827371
daily,20161026,spatial,acceleration_rms,low,M4_vs_M1,77,0.1372284230764036,0.13540212476214805,0.0018262983142555422,0.013308455153191758
daily,20161026,spatial,acceleration_rms,low,M4_vs_M3,77,0.13562202545536028,0.13540212476214805,0.0002199006932122327,0.0016214231609792068
daily,20161026,spatial,acceleration_rms,medium,M3_vs_M1,17580,0.11401460414050098,0.113835810397333,0.00017879374316798202,0.00156816527598213
daily,20161026,spatial,acceleration_rms,medium,M4_vs_M1,17580,0.11401460414050098,0.11384321040382958,0.00017139373667139635,0.0015032612529197284
daily,20161026,spatial,acceleration_rms,medium,M4_vs_M3,17580,0.113835810397333,0.11384321040382958,-7.400006496585676e-06,-6.500596315655559e-05
daily,20161026,spatial,acceleration_rms,high,M3_vs_M1,103283,0.120346870561308,0.11999348241501934,0.0003533881462886579,0.0029364132581131993
daily,20161026,spatial,acceleration_rms,high,M4_vs_M1,103283,0.120346870561308,0.1199874465053609,0.00035942405594709126,0.0029865675299300017
daily,20161026,spatial,acceleration_rms,high,M4_vs_M3,103283,0.11999348241501934,0.1199874465053609,6.035909658433369e-06,5.0301979215480015e-05
daily,20161026,spatiotemporal,crawl,unseen,M3_vs_M1,2595,0.2457217205271864,0.23913866151133212,0.006583059015854292,0.02679070861839399
daily,20161026,spatiotemporal,crawl,unseen,M4_vs_M1,2595,0.2457217205271864,0.23974818942834208,0.005973531098844326,0.02431014680358068
daily,20161026,spatiotemporal,crawl,unseen,M4_vs_M3,2595,0.23913866151133212,0.23974818942834208,-0.0006095279170099666,-0.002548847238492563
daily,20161026,spatiotemporal,crawl,low,M3_vs_M1,5933,0.19636273995183437,0.19017719096355537,0.006185548988278999,0.03150062476107354
daily,20161026,spatiotemporal,crawl,low,M4_vs_M1,5933,0.19636273995183437,0.19051950162780862,0.005843238324025751,0.029757368049860344
daily,20161026,spatiotemporal,crawl,low,M4_vs_M3,5933,0.19017719096355537,0.19051950162780862,-0.0003423106642532481,-0.0017999564643840324
daily,20161026,spatiotemporal,crawl,medium,M3_vs_M1,67611,0.16932770128307464,0.16552369539031964,0.003804005892755008,0.02246534892950349
daily,20161026,spatiotemporal,crawl,medium,M4_vs_M1,67611,0.16932770128307464,0.1653471009213625,0.003980600361712133,0.02350826433920307
daily,20161026,spatiotemporal,crawl,medium,M4_vs_M3,67611,0.16552369539031964,0.1653471009213625,0.00017659446895712527,0.0010668833156527817
daily,20161026,spatiotemporal,crawl,high,M3_vs_M1,184413,0.16792555978948168,0.1661406165340572,0.0017849432554244704,0.010629372072138083
daily,20161026,spatiotemporal,crawl,high,M4_vs_M1,184413,0.16792555978948168,0.16602719507515892,0.0018983647143227533,0.01130479908301405
daily,20161026,spatiotemporal,crawl,high,M4_vs_M3,184413,0.1661406165340572,0.16602719507515892,0.00011342145889828292,0.0006826835078888288
daily,20161026,spatiotemporal,stop,unseen,M3_vs_M1,2595,0.03959188861628371,0.04292901047661304,-0.003337121860329327,-0.08428801900995461
daily,20161026,spatiotemporal,stop,unseen,M4_vs_M1,2595,0.03959188861628371,0.04369143808385836,-0.004099549467574647,-0.10354518591690892
daily,20161026,spatiotemporal,stop,unseen,M4_vs_M3,2595,0.04292901047661304,0.04369143808385836,-0.0007624276072453195,-0.01776019523349313
daily,20161026,spatiotemporal,stop,low,M3_vs_M1,5933,0.01655780730224932,0.017299509235564153,-0.0007417019333148325,-0.04479469532261527
daily,20161026,spatiotemporal,stop,low,M4_vs_M1,5933,0.01655780730224932,0.017318297231128592,-0.0007604899288792717,-0.04592938636119783
daily,20161026,spatiotemporal,stop,low,M4_vs_M3,5933,0.017299509235564153,0.017318297231128592,-1.878799556443919e-05,-0.001086042113022202
daily,20161026,spatiotemporal,stop,medium,M3_vs_M1,67611,0.006577571204990903,0.006578933363644297,-1.362158653394653e-06,-0.00020709143404803887
daily,20161026,spatiotemporal,stop,medium,M4_vs_M1,67611,0.006577571204990903,0.00657718689426085,3.84310730052774e-07,5.842745263801451e-05
daily,20161026,spatiotemporal,stop,medium,M4_vs_M3,67611,0.006578933363644297,0.00657718689426085,1.746469383447427e-06,0.00026546391138395687
daily,20161026,spatiotemporal,stop,high,M3_vs_M1,184413,0.0040877860752514365,0.004199950265372243,-0.00011216419012080679,-0.02743886007144042
daily,20161026,spatiotemporal,stop,high,M4_vs_M1,184413,0.0040877860752514365,0.004225662820172729,-0.0001378767449212925,-0.033728953126005205
daily,20161026,spatiotemporal,stop,high,M4_vs_M3,184413,0.004199950265372243,0.004225662820172729,-2.5712554800485718e-05,-0.0061221093526941574
daily,20161026,spatiotemporal,speed_cv,unseen,M3_vs_M1,1718,0.07185865037216105,0.07095516366104809,0.0009034867111129552,0.012573109937825627
daily,20161026,spatiotemporal,speed_cv,unseen,M4_vs_M1,1718,0.07185865037216105,0.07088464514734251,0.0009740052248185388,0.01355446031582971
daily,20161026,spatiotemporal,speed_cv,unseen,M4_vs_M3,1718,0.07095516366104809,0.07088464514734251,7.05185137055836e-05,0.0009938461144625025
daily,20161026,spatiotemporal,speed_cv,low,M3_vs_M1,4190,0.06659794708692111,0.06598138553306447,0.0006165615538566427,0.009257966361214258
daily,20161026,spatiotemporal,speed_cv,low,M4_vs_M1,4190,0.06659794708692111,0.06595152386031196,0.0006464232266091552,0.00970635364728988
daily,20161026,spatiotemporal,speed_cv,low,M4_vs_M3,4190,0.06598138553306447,0.06595152386031196,2.9861672752512503e-05,0.0004525772308547276
daily,20161026,spatiotemporal,speed_cv,medium,M3_vs_M1,46268,0.0630882001315736,0.06278852690691314,0.0002996732246604572,0.004750067746987134
daily,20161026,spatiotemporal,speed_cv,medium,M4_vs_M1,46268,0.0630882001315736,0.06280006043200574,0.0002881396995678548,0.00456725186274018
daily,20161026,spatiotemporal,speed_cv,medium,M4_vs_M3,46268,0.06278852690691314,0.06280006043200574,-1.1533525092602415e-05,-0.00018368841667047538
daily,20161026,spatiotemporal,speed_cv,high,M3_vs_M1,124550,0.06283517148573381,0.06255149720689403,0.00028367427883978225,0.004514577936724309
daily,20161026,spatiotemporal,speed_cv,high,M4_vs_M1,124550,0.06283517148573381,0.06256785843752019,0.0002673130482136188,0.004254194615738575
daily,20161026,spatiotemporal,speed_cv,high,M4_vs_M3,124550,0.06255149720689403,0.06256785843752019,-1.636123062616346e-05,-0.00026156417282942714
daily,20161026,spatiotemporal,acceleration_rms,unseen,M3_vs_M1,1186,0.11770543101913936,0.11736006989694689,0.00034536112219246684,0.0029341137380169808
daily,20161026,spatiotemporal,acceleration_rms,unseen,M4_vs_M1,1186,0.11770543101913936,0.11732625512908444,0.00037917589005491414,0.0032213967254685017
daily,20161026,spatiotemporal,acceleration_rms,unseen,M4_vs_M3,1186,0.11736006989694689,0.11732625512908444,3.3814767862447304e-05,0.00028812838891575156
daily,20161026,spatiotemporal,acceleration_rms,low,M3_vs_M1,2897,0.11851509096145874,0.11838010608979489,0.000134984871663843,0.0011389677936267226
daily,20161026,spatiotemporal,acceleration_rms,low,M4_vs_M1,2897,0.11851509096145874,0.11833985728700609,0.00017523367445264337,0.0014785768886565645
daily,20161026,spatiotemporal,acceleration_rms,low,M4_vs_M3,2897,0.11838010608979489,0.11833985728700609,4.0248802788800386e-05,0.00033999633991095134
daily,20161026,spatiotemporal,acceleration_rms,medium,M3_vs_M1,32024,0.1191732137919283,0.1189122525794555,0.00026096121247280724,0.002189763992841841
daily,20161026,spatiotemporal,acceleration_rms,medium,M4_vs_M1,32024,0.1191732137919283,0.11889297501645749,0.00028023877547081466,0.0023515248649759535
daily,20161026,spatiotemporal,acceleration_rms,medium,M4_vs_M3,32024,0.1189122525794555,0.11889297501645749,1.9277562998007425e-05,0.0001621158676237037
daily,20161026,spatiotemporal,acceleration_rms,high,M3_vs_M1,84844,0.11959761228503206,0.1192368418116439,0.0003607704733881584,0.003016535752639852
daily,20161026,spatiotemporal,acceleration_rms,high,M4_vs_M1,84844,0.11959761228503206,0.11923992396203646,0.0003576883229955974,0.002990764749911006
daily,20161026,spatiotemporal,acceleration_rms,high,M4_vs_M3,84844,0.1192368418116439,0.11923992396203646,-3.0821503925609894e-06,-2.584897709241412e-05
daily,20161026,target_specific,crawl,unseen,M3_vs_M1,5037,0.24821066155581142,0.2378411835867243,0.010369477969087132,0.041776924101850084
daily,20161026,target_specific,crawl,unseen,M4_vs_M1,5037,0.24821066155581142,0.23820821356118177,0.010002447994629654,0.04029822059992597
daily,20161026,target_specific,crawl,unseen,M4_vs_M3,5037,0.2378411835867243,0.23820821356118177,-0.00036702997445747787,-0.0015431725024343706
daily,20161026,target_specific,crawl,low,M3_vs_M1,9550,0.21312788642304145,0.2026717641494171,0.010456122273624358,0.049060319834776614
daily,20161026,target_specific,crawl,low,M4_vs_M1,9550,0.21312788642304145,0.2031643220782402,0.009963564344801251,0.04674922888797569
daily,20161026,target_specific,crawl,low,M4_vs_M3,9550,0.2026717641494171,0.2031643220782402,-0.0004925579288231063,-0.0024303233895964635
daily,20161026,target_specific,crawl,medium,M3_vs_M1,58831,0.19068540866446265,0.1870988235679301,0.003586585096532563,0.018808912132567288
daily,20161026,target_specific,crawl,medium,M4_vs_M1,58831,0.19068540866446265,0.18699535851066862,0.0036900501537940333,0.019351507698668162
daily,20161026,target_specific,crawl,medium,M4_vs_M3,58831,0.1870988235679301,0.18699535851066862,0.00010346505726147037,0.0005529968349795917
daily,20161026,target_specific,crawl,high,M3_vs_M1,187134,0.1587895186073843,0.1573090187131174,0.0014804998942669068,0.009323662589641846
daily,20161026,target_specific,crawl,high,M4_vs_M1,187134,0.1587895186073843,0.15715025990155637,0.0016392587058279284,0.010323469207568318
daily,20161026,target_specific,crawl,high,M4_vs_M3,187134,0.1573090187131174,0.15715025990155637,0.00015875881156102167,0.0010092162093423788
daily,20161026,target_specific,stop,unseen,M3_vs_M1,5037,0.05316002610373444,0.051238046599275555,0.0019219795044588817,0.03615460046442424
daily,20161026,target_specific,stop,unseen,M4_vs_M1,5037,0.05316002610373444,0.051626445254558215,0.001533580849176222,0.028848384050520426
daily,20161026,target_specific,stop,unseen,M4_vs_M3,5037,0.051238046599275555,0.051626445254558215,-0.0003883986552826596,-0.00758027834902182
daily,20161026,target_specific,stop,low,M3_vs_M1,9550,0.01641214462671301,0.015764235972290225,0.0006479086544227859,0.03947739123430742
daily,20161026,target_specific,stop,low,M4_vs_M1,9550,0.01641214462671301,0.015734181068842976,0.0006779635578700351,0.04130865120250991
daily,20161026,target_specific,stop,low,M4_vs_M3,9550,0.015764235972290225,0.015734181068842976,3.005490344724915e-05,0.0019065245851482124
daily,20161026,target_specific,stop,medium,M3_vs_M1,58831,0.0061923421621762455,0.0062761011633210686,-8.375900114482304e-05,-0.013526223026956679
daily,20161026,target_specific,stop,medium,M4_vs_M1,58831,0.0061923421621762455,0.006305900089974105,-0.00011355792779785961,-0.01833844526413422
daily,20161026,target_specific,stop,medium,M4_vs_M3,58831,0.0062761011633210686,0.006305900089974105,-2.9798926653036573e-05,-0.004747999733845613
daily,20161026,target_specific,stop,high,M3_vs_M1,187134,0.003263601309793379,0.0035028838192075976,-0.00023928250941421866,-0.07331854803960959
daily,20161026,target_specific,stop,high,M4_vs_M1,187134,0.003263601309793379,0.003520471095131593,-0.000256869785338214,-0.07870746483873566
daily,20161026,target_specific,stop,high,M4_vs_M3,187134,0.0035028838192075976,0.003520471095131593,-1.7587275923995355e-05,-0.005020799099175904
daily,20161026,target_specific,speed_cv,unseen,M3_vs_M1,3413,0.07232612921576724,0.07085487072325833,0.0014712584925089117,0.02034200514339394
daily,20161026,target_specific,speed_cv,unseen,M4_vs_M1,3413,0.07232612921576724,0.07080852052711034,0.001517608688656899,0.020982855091408063
daily,20161026,target_specific,speed_cv,unseen,M4_vs_M3,3413,0.07085487072325833,0.07080852052711034,4.63501961479873e-05,0.0006541568091912799
daily,20161026,target_specific,speed_cv,low,M3_vs_M1,6880,0.06688756866965295,0.06628641168673484,0.0006011569829181135,0.008987574146806442
daily,20161026,target_specific,speed_cv,low,M4_vs_M1,6880,0.06688756866965295,0.06627183736128629,0.0006157313083666599,0.009205467033906685
daily,20161026,target_specific,speed_cv,low,M4_vs_M3,6880,0.06628641168673484,0.06627183736128629,1.4574325448546421e-05,0.00021986897582303462
daily,20161026,target_specific,speed_cv,medium,M3_vs_M1,41207,0.06417378931040692,0.06386611204486178,0.00030767726554513375,0.004794438178754055
daily,20161026,target_specific,speed_cv,medium,M4_vs_M1,41207,0.06417378931040692,0.06388164092854545,0.0002921483818614651,0.004552456462378294
daily,20161026,target_specific,speed_cv,medium,M4_vs_M3,41207,0.06386611204486178,0.06388164092854545,-1.552888368366867e-05,-0.00024314747189809583
daily,20161026,target_specific,speed_cv,high,M3_vs_M1,125226,0.06225655314626995,0.062005034508689036,0.00025151863758091086,0.004040034741242021
daily,20161026,target_specific,speed_cv,high,M4_vs_M1,125226,0.06225655314626995,0.062020556198008184,0.00023599694826176298,0.003790716580587028
daily,20161026,target_specific,speed_cv,high,M4_vs_M3,125226,0.062005034508689036,0.062020556198008184,-1.552168931914788e-05,-0.0002503295005339084
daily,20161026,target_specific,acceleration_rms,unseen,M3_vs_M1,2726,0.11851469975081193,0.11800181205371627,0.0005128876970956625,0.004327629384152819
daily,20161026,target_specific,acceleration_rms,unseen,M4_vs_M1,2726,0.11851469975081193,0.11790694753353279,0.0006077522172791422,0.00512807456422703
daily,20161026,target_specific,acceleration_rms,unseen,M4_vs_M3,2726,0.11800181205371627,0.11790694753353279,9.486452018347968e-05,0.0008039242663519089
daily,20161026,target_specific,acceleration_rms,low,M3_vs_M1,5386,0.11886358337631638,0.11844567456984222,0.00041790880647415984,0.003515869155240598
daily,20161026,target_specific,acceleration_rms,low,M4_vs_M1,5386,0.11886358337631638,0.1184774941901845,0.0003860891861318799,0.0032481705091250714
daily,20161026,target_specific,acceleration_rms,low,M4_vs_M3,5386,0.11844567456984222,0.1184774941901845,-3.181962034227992e-05,-0.00026864316031665036
daily,20161026,target_specific,acceleration_rms,medium,M3_vs_M1,27634,0.12025953844073131,0.11997732221000648,0.00028221623072482993,0.0023467263751716237
daily,20161026,target_specific,acceleration_rms,medium,M4_vs_M1,27634,0.12025953844073131,0.11997799533008714,0.0002815431106441696,0.00234112914696513
daily,20161026,target_specific,acceleration_rms,medium,M4_vs_M3,27634,0.11997732221000648,0.11997799533008714,-6.731200806603388e-07,-5.6103942666941645e-06
daily,20161026,target_specific,acceleration_rms,high,M3_vs_M1,85205,0.11924132689432888,0.1189089622518466,0.00033236464248227737,0.0027873276081271502
daily,20161026,target_specific,acceleration_rms,high,M4_vs_M1,85205,0.11924132689432888,0.11890375212803513,0.0003375747662937578,0.002831021551721871
daily,20161026,target_specific,acceleration_rms,high,M4_vs_M3,85205,0.1189089622518466,0.11890375212803513,5.210123811480449e-06,4.381607334563664e-05
daily,20161027,spatial,crawl,unseen,M3_vs_M1,73,0.35728406702002435,0.350960659335227,0.006323407684797333,0.01769854373171063
daily,20161027,spatial,crawl,unseen,M4_vs_M1,73,0.35728406702002435,0.33779761603433794,0.01948645098568641,0.054540498120209405
daily,20161027,spatial,crawl,unseen,M4_vs_M3,73,0.350960659335227,0.33779761603433794,0.013163043300889077,0.037505751572902465
daily,20161027,spatial,crawl,low,M3_vs_M1,183,0.36225004200034777,0.34228024848538346,0.019969793514964307,0.05512709785950869
daily,20161027,spatial,crawl,low,M4_vs_M1,183,0.36225004200034777,0.3452359771997225,0.017014064800625284,0.0469677372752629
daily,20161027,spatial,crawl,low,M4_vs_M3,183,0.34228024848538346,0.3452359771997225,-0.002955728714339023,-0.008635405424117667
daily,20161027,spatial,crawl,medium,M3_vs_M1,34665,0.21268659548307184,0.2081038279683181,0.004582767514753727,0.02154704439339469
daily,20161027,spatial,crawl,medium,M4_vs_M1,34665,0.21268659548307184,0.20790532928486033,0.004781266198211509,0.022480336324684175
daily,20161027,spatial,crawl,medium,M4_vs_M3,34665,0.2081038279683181,0.20790532928486033,0.00019849868345778177,0.000953844460218201
daily,20161027,spatial,crawl,high,M3_vs_M1,224411,0.16432924511010738,0.16206315191096968,0.002266093199137703,0.013789956849246932
daily,20161027,spatial,crawl,high,M4_vs_M1,224411,0.16432924511010738,0.16196385773517608,0.002365387374931305,0.014394196074754664
daily,20161027,spatial,crawl,high,M4_vs_M3,224411,0.16206315191096968,0.16196385773517608,9.929417579360167e-05,0.0006126881689191723
daily,20161027,spatial,stop,unseen,M3_vs_M1,73,0.10120727238923069,0.11062673989273544,-0.009419467503504753,-0.09307105389895938
daily,20161027,spatial,stop,unseen,M4_vs_M1,73,0.10120727238923069,0.10579799548148701,-0.004590723092256319,-0.04535961679315854
daily,20161027,spatial,stop,unseen,M4_vs_M3,73,0.11062673989273544,0.10579799548148701,0.004828744411248434,0.043648980489983
daily,20161027,spatial,stop,low,M3_vs_M1,183,0.08903043835056193,0.09319720062560177,-0.0041667622750398425,-0.04680154733859674
daily,20161027,spatial,stop,low,M4_vs_M1,183,0.08903043835056193,0.09752677455022829,-0.00849633619966636,-0.09543181362548839
daily,20161027,spatial,stop,low,M4_vs_M3,183,0.09319720062560177,0.09752677455022829,-0.0043295739246265175,-0.04645605120715568
daily,20161027,spatial,stop,medium,M3_vs_M1,34665,0.01139124875010692,0.011676243367479737,-0.0002849946173728163,-0.02501873355808697
daily,20161027,spatial,stop,medium,M4_vs_M1,34665,0.01139124875010692,0.011686565250708637,-0.00029531650060171666,-0.025924857500714726
daily,20161027,spatial,stop,medium,M4_vs_M3,34665,0.011676243367479737,0.011686565250708637,-1.0321883228900375e-05,-0.000884007201978037
daily,20161027,spatial,stop,high,M3_vs_M1,224411,0.004116293738548912,0.004207745380935821,-9.145164238690863e-05,-0.022216986492112546
daily,20161027,spatial,stop,high,M4_vs_M1,224411,0.004116293738548912,0.004226804327017704,-0.00011051058846879222,-0.026847109435817314
daily,20161027,spatial,stop,high,M4_vs_M3,224411,0.004207745380935821,0.004226804327017704,-1.905894608188359e-05,-0.0045294912967487585
daily,20161027,spatial,speed_cv,unseen,M3_vs_M1,39,0.09324596566099129,0.09198758800656111,0.0012583776544301817,0.013495250389761517
daily,20161027,spatial,speed_cv,unseen,M4_vs_M1,39,0.09324596566099129,0.09029451883587825,0.002951446825113044,0.03165227368488456
daily,20161027,spatial,speed_cv,unseen,M4_vs_M3,39,0.09198758800656111,0.09029451883587825,0.0016930691706828621,0.01840540889671009
daily,20161027,spatial,speed_cv,low,M3_vs_M1,93,0.09117620303012339,0.08693045963430264,0.0042457433958207474,0.046566354539001924
daily,20161027,spatial,speed_cv,low,M4_vs_M1,93,0.09117620303012339,0.08691999709641408,0.004256205933709303,0.04668110529129087
daily,20161027,spatial,speed_cv,low,M4_vs_M3,93,0.08693045963430264,0.08691999709641408,1.046253788855589e-05,0.00012035525789889401
daily,20161027,spatial,speed_cv,medium,M3_vs_M1,24950,0.06266656991678374,0.062221216288205185,0.0004453536285785528,0.007106717810946846
daily,20161027,spatial,speed_cv,medium,M4_vs_M1,24950,0.06266656991678374,0.06222008105622962,0.0004464888605541159,0.007124833242780288
daily,20161027,spatial,speed_cv,medium,M4_vs_M3,24950,0.062221216288205185,0.06222008105622962,1.135231975563089e-06,1.8245094571998692e-05
daily,20161027,spatial,speed_cv,high,M3_vs_M1,151278,0.06293222952190314,0.06261256370286404,0.0003196658190390972,0.005079524775581638
daily,20161027,spatial,speed_cv,high,M4_vs_M1,151278,0.06293222952190314,0.06261050904879427,0.0003217204731088691,0.00511217345314131
daily,20161027,spatial,speed_cv,high,M4_vs_M3,151278,0.06261256370286404,0.06261050904879427,2.0546540697718996e-06,3.281536401420207e-05
daily,20161027,spatial,acceleration_rms,unseen,M3_vs_M1,27,0.1369133638658645,0.1352605408636144,0.0016528230022501145,0.012072035596681439
daily,20161027,spatial,acceleration_rms,unseen,M4_vs_M1,27,0.1369133638658645,0.1367635630442776,0.0001498008215869151,0.001094128559529635
daily,20161027,spatial,acceleration_rms,unseen,M4_vs_M3,27,0.1352605408636144,0.1367635630442776,-0.0015030221806631994,-0.011112052125968677
daily,20161027,spatial,acceleration_rms,low,M3_vs_M1,52,0.1112195668885341,0.11312317389708298,-0.0019036070085488854,-0.01711575635298696
daily,20161027,spatial,acceleration_rms,low,M4_vs_M1,52,0.1112195668885341,0.11179827182338788,-0.000578704934853777,-0.005203265495843584
daily,20161027,spatial,acceleration_rms,low,M4_vs_M3,52,0.11312317389708298,0.11179827182338788,0.0013249020736951084,0.011712030595079269
daily,20161027,spatial,acceleration_rms,medium,M3_vs_M1,17783,0.11374833534035514,0.11349265874046607,0.0002556765998890653,0.0022477392669003524
daily,20161027,spatial,acceleration_rms,medium,M4_vs_M1,17783,0.11374833534035514,0.11349722103811401,0.0002511143022411316,0.0022076305687441775
daily,20161027,spatial,acceleration_rms,medium,M4_vs_M3,17783,0.11349265874046607,0.11349722103811401,-4.5622976479337e-06,-4.019905515093023e-05
daily,20161027,spatial,acceleration_rms,high,M3_vs_M1,103823,0.1203812991806935,0.11990271913704778,0.00047858004364571827,0.0039755347957107934
daily,20161027,spatial,acceleration_rms,high,M4_vs_M1,103823,0.1203812991806935,0.11991340681855814,0.0004678923621353609,0.003886752887033142
daily,20161027,spatial,acceleration_rms,high,M4_vs_M3,103823,0.11990271913704778,0.11991340681855814,-1.0687681510357372e-05,-8.913627303265277e-05
daily,20161027,spatiotemporal,crawl,unseen,M3_vs_M1,2768,0.22591392915503114,0.21834488315665906,0.007569045998372076,0.033504113830793915
daily,20161027,spatiotemporal,crawl,unseen,M4_vs_M1,2768,0.22591392915503114,0.2184272500975241,0.007486679057507051,0.03313951948650937
daily,20161027,spatiotemporal,crawl,unseen,M4_vs_M3,2768,0.21834488315665906,0.2184272500975241,-8.236694086502516e-05,-0.0003772332086478443
daily,20161027,spatiotemporal,crawl,low,M3_vs_M1,5983,0.19327565718534587,0.1875829716387505,0.005692685546595355,0.029453712016802153
daily,20161027,spatiotemporal,crawl,low,M4_vs_M1,5983,0.19327565718534587,0.18710600116737522,0.006169656017970648,0.0319215368754593
daily,20161027,spatiotemporal,crawl,low,M4_vs_M3,5983,0.1875829716387505,0.18710600116737522,0.00047697047137529314,0.0025427173224115912
daily,20161027,spatiotemporal,crawl,medium,M3_vs_M1,66951,0.17119089816676597,0.1676066036271694,0.0035842945395965775,0.02093741301657831
daily,20161027,spatiotemporal,crawl,medium,M4_vs_M1,66951,0.17119089816676597,0.1674652445315724,0.00372565363519356,0.021763152568801916
daily,20161027,spatiotemporal,crawl,medium,M4_vs_M3,66951,0.1676066036271694,0.1674652445315724,0.00014135909559698234,0.0008433981271491366
daily,20161027,spatiotemporal,crawl,high,M3_vs_M1,183630,0.16935873612916907,0.1673082465734562,0.002050489555712881,0.012107373983642524
daily,20161027,spatiotemporal,crawl,high,M4_vs_M1,183630,0.16935873612916907,0.16721297994760487,0.0021457561815642068,0.012669887781446652
daily,20161027,spatiotemporal,crawl,high,M4_vs_M3,183630,0.1673082465734562,0.16721297994760487,9.526662585132573e-05,0.0005694078313677097
daily,20161027,spatiotemporal,stop,unseen,M3_vs_M1,2768,0.034581267498766215,0.03609425597269522,-0.001512988473929007,-0.04375167781178024
daily,20161027,spatiotemporal,stop,unseen,M4_vs_M1,2768,0.034581267498766215,0.03636344704697201,-0.001782179548205795,-0.051535981099286754
daily,20161027,spatiotemporal,stop,unseen,M4_vs_M3,2768,0.03609425597269522,0.03636344704697201,-0.00026919107427678807,-0.007458003137131492
daily,20161027,spatiotemporal,stop,low,M3_vs_M1,5983,0.014202009177958658,0.014753446986718618,-0.0005514378087599602,-0.03882815465404605
daily,20161027,spatiotemporal,stop,low,M4_vs_M1,5983,0.014202009177958658,0.014725735501645344,-0.0005237263236866855,-0.03687691770397545
daily,20161027,spatiotemporal,stop,low,M4_vs_M3,5983,0.014753446986718618,0.014725735501645344,2.7711485073274658e-05,0.001878305801906575
daily,20161027,spatiotemporal,stop,medium,M3_vs_M1,66951,0.006416327255129354,0.006480719449000919,-6.439219387156542e-05,-0.01003567793710785
daily,20161027,spatiotemporal,stop,medium,M4_vs_M1,66951,0.006416327255129354,0.006476980288871659,-6.065303374230488e-05,-0.009452920858083962
daily,20161027,spatiotemporal,stop,medium,M4_vs_M3,66951,0.006480719449000919,0.006476980288871659,3.739160129260545e-06,0.0005769668257799652
daily,20161027,spatiotemporal,stop,high,M3_vs_M1,183630,0.0039864337950228515,0.004095642014145346,-0.00010920821912249485,-0.027394966212368473
daily,20161027,spatiotemporal,stop,high,M4_vs_M1,183630,0.0039864337950228515,0.004121485701717673,-0.0001350519066948214,-0.03387787522357367
daily,20161027,spatiotemporal,stop,high,M4_vs_M3,183630,0.004095642014145346,0.004121485701717673,-2.584368757232655e-05,-0.006310045527189332
daily,20161027,spatiotemporal,speed_cv,unseen,M3_vs_M1,1851,0.06878214005012816,0.06725006727215206,0.0015320727779760956,0.02227428191183826
daily,20161027,spatiotemporal,speed_cv,unseen,M4_vs_M1,1851,0.06878214005012816,0.06722512821863875,0.0015570118314894021,0.02263686227783343
daily,20161027,spatiotemporal,speed_cv,unseen,M4_vs_M3,1851,0.06725006727215206,0.06722512821863875,2.4939053513306497e-05,0.00037084057347305647
daily,20161027,spatiotemporal,speed_cv,low,M3_vs_M1,4191,0.06563404499478488,0.06526510363016033,0.0003689413646245504,0.005621188891433791
daily,20161027,spatiotemporal,speed_cv,low,M4_vs_M1,4191,0.06563404499478488,0.06522554947020448,0.0004084955245804017,0.006223835885977465
daily,20161027,spatiotemporal,speed_cv,low,M4_vs_M3,4191,0.06526510363016033,0.06522554947020448,3.955415995585132e-05,0.0006060537370781487
daily,20161027,spatiotemporal,speed_cv,medium,M3_vs_M1,46148,0.06313285689570326,0.06281335056702082,0.00031950632868243956,0.005060856492052472
daily,20161027,spatiotemporal,speed_cv,medium,M4_vs_M1,46148,0.06313285689570326,0.0628024325863452,0.0003304243093580628,0.005233793077096611
daily,20161027,spatiotemporal,speed_cv,medium,M4_vs_M3,46148,0.06281335056702082,0.0628024325863452,1.0917980675623218e-05,0.00017381624411157482
daily,20161027,spatiotemporal,speed_cv,high,M3_vs_M1,124170,0.06265656449023076,0.062328085536838204,0.0003284789533925525,0.00524253054831578
daily,20161027,spatiotemporal,speed_cv,high,M4_vs_M1,124170,0.06265656449023076,0.062330579101586604,0.00032598538864415244,0.005202733205951297
daily,20161027,spatiotemporal,speed_cv,high,M4_vs_M3,124170,0.062328085536838204,0.062330579101586604,-2.493564748400068e-06,-4.000708070724038e-05
daily,20161027,spatiotemporal,acceleration_rms,unseen,M3_vs_M1,1203,0.11507654223616044,0.11487161315596865,0.00020492908019179024,0.0017808067240257719
daily,20161027,spatiotemporal,acceleration_rms,unseen,M4_vs_M1,1203,0.11507654223616044,0.1148943702762319,0.00018217195992854818,0.0015830503453492224
daily,20161027,spatiotemporal,acceleration_rms,unseen,M4_vs_M3,1203,0.11487161315596865,0.1148943702762319,-2.275712026324206e-05,-0.0001981091728236047
daily,20161027,spatiotemporal,acceleration_rms,low,M3_vs_M1,2948,0.11851019001610062,0.11808493691222295,0.0004252531038776708,0.003588325221821824
daily,20161027,spatiotemporal,acceleration_rms,low,M4_vs_M1,2948,0.11851019001610062,0.11810872893616153,0.00040146107993908886,0.0033875659121341967
daily,20161027,spatiotemporal,acceleration_rms,low,M4_vs_M3,2948,0.11808493691222295,0.11810872893616153,-2.379202393858193e-05,-0.00020148229368380366
daily,20161027,spatiotemporal,acceleration_rms,medium,M3_vs_M1,32187,0.1193001766932708,0.1188888169442718,0.00041135974899900174,0.003448106787441202
daily,20161027,spatiotemporal,acceleration_rms,medium,M4_vs_M1,32187,0.1193001766932708,0.11889221377245965,0.0004079629208111474,0.003419633835581392
daily,20161027,spatiotemporal,acceleration_rms,medium,M4_vs_M3,32187,0.1188888169442718,0.11889221377245965,-3.3968281878543616e-06,-2.857146933715892e-05
daily,20161027,spatiotemporal,acceleration_rms,high,M3_vs_M1,85347,0.11954602320870547,0.11908391745889423,0.0004621057498112452,0.003865504994712314
daily,20161027,spatiotemporal,acceleration_rms,high,M4_vs_M1,85347,0.11954602320870547,0.11909511405369473,0.0004509091550107397,0.003771845711868933
daily,20161027,spatiotemporal,acceleration_rms,high,M4_vs_M3,85347,0.11908391745889423,0.11909511405369473,-1.11965948005055e-05,-9.402272816873342e-05
daily,20161027,target_specific,crawl,unseen,M3_vs_M1,5137,0.2284143530870515,0.22023635406396283,0.008177999023088661,0.03580334997587444
daily,20161027,target_specific,crawl,unseen,M4_vs_M1,5137,0.2284143530870515,0.22043399879355946,0.007980354293492031,0.0349380596518408
daily,20161027,target_specific,crawl,unseen,M4_vs_M3,5137,0.22023635406396283,0.22043399879355946,-0.00019764472959662993,-0.0008974210022530084
daily,20161027,target_specific,crawl,low,M3_vs_M1,9782,0.21664698879194078,0.20941833460967121,0.007228654182269562,0.033366049639451376
daily,20161027,target_specific,crawl,low,M4_vs_M1,9782,0.21664698879194078,0.20893134141206704,0.007715647379873736,0.035613914704734434
daily,20161027,target_specific,crawl,low,M4_vs_M3,9782,0.20941833460967121,0.20893134141206704,0.00048699319760417414,0.0023254563575432242
daily,20161027,target_specific,crawl,medium,M3_vs_M1,58631,0.19169282601364418,0.1875562579068962,0.004136568106747979,0.021579149271102868
daily,20161027,target_specific,crawl,medium,M4_vs_M1,58631,0.19169282601364418,0.18748997125467642,0.004202854758967756,0.02192494547849489
daily,20161027,target_specific,crawl,medium,M4_vs_M3,58631,0.1875562579068962,0.18748997125467642,6.628665221977692e-05,0.0003534227701039009
daily,20161027,target_specific,crawl,high,M3_vs_M1,185782,0.1604606317793252,0.1587583045521151,0.0017023272272101153,0.010609002397243796
daily,20161027,target_specific,crawl,high,M4_vs_M1,185782,0.1604606317793252,0.15864016206918888,0.0018204697101363299,0.011345273229635203
daily,20161027,target_specific,crawl,high,M4_vs_M3,185782,0.1587583045521151,0.15864016206918888,0.00011814248292621454,0.0007441656879589079
daily,20161027,target_specific,stop,unseen,M3_vs_M1,5137,0.0445964310324043,0.04329772749872233,0.0012987035336819719,0.02912124364253091
daily,20161027,target_specific,stop,unseen,M4_vs_M1,5137,0.0445964310324043,0.04350687256651736,0.0010895584658869376,0.024431517066808583
daily,20161027,target_specific,stop,unseen,M4_vs_M3,5137,0.04329772749872233,0.04350687256651736,-0.00020914506779503433,-0.004830393645976131
daily,20161027,target_specific,stop,low,M3_vs_M1,9782,0.015628661547081073,0.014947331162662093,0.0006813303844189801,0.043594928610264164
daily,20161027,target_specific,stop,low,M4_vs_M1,9782,0.015628661547081073,0.014886899347253277,0.0007417621998277966,0.04746165867072179
daily,20161027,target_specific,stop,low,M4_vs_M3,9782,0.014947331162662093,0.014886899347253277,6.0431815408816536e-05,0.004042983643780709
daily,20161027,target_specific,stop,medium,M3_vs_M1,58631,0.006380351191984027,0.006419818213830838,-3.9467021846811313e-05,-0.00618571308369292
daily,20161027,target_specific,stop,medium,M4_vs_M1,58631,0.006380351191984027,0.006429688133794776,-4.933694181074883e-05,-0.007732637330799822
daily,20161027,target_specific,stop,medium,M4_vs_M3,58631,0.006419818213830838,0.006429688133794776,-9.869919963937518e-06,-0.0015374142437045632
daily,20161027,target_specific,stop,high,M3_vs_M1,185782,0.003155537829188509,0.003386316131015466,-0.00023077830182695715,-0.07313437972198389
daily,20161027,target_specific,stop,high,M4_vs_M1,185782,0.003155537829188509,0.003407915324937144,-0.0002523774957486351,-0.07997923314820077
daily,20161027,target_specific,stop,high,M4_vs_M3,185782,0.003386316131015466,0.003407915324937144,-2.1599193921677945e-05,-0.006378374931935525
daily,20161027,target_specific,speed_cv,unseen,M3_vs_M1,3444,0.07196525321531817,0.07039397211830226,0.001571281097015917,0.021833885476852066
daily,20161027,target_specific,speed_cv,unseen,M4_vs_M1,3444,0.07196525321531817,0.07036718257035968,0.0015980706449584964,0.022206142180548026
daily,20161027,target_specific,speed_cv,unseen,M4_vs_M3,3444,0.07039397211830226,0.07036718257035968,2.6789547942579484e-05,0.00038056593677591706
daily,20161027,target_specific,speed_cv,low,M3_vs_M1,6980,0.06563924381256203,0.06515313425683375,0.0004861095557282813,0.007405776293163964
daily,20161027,target_specific,speed_cv,low,M4_vs_M1,6980,0.06563924381256203,0.0651637787582985,0.00047546505426353247,0.007243609564139098
daily,20161027,target_specific,speed_cv,low,M4_vs_M3,6980,0.06515313425683375,0.0651637787582985,-1.0644501464748823e-05,-0.0001633766600205016
daily,20161027,target_specific,speed_cv,medium,M3_vs_M1,41412,0.06401027292248354,0.06371424497540701,0.00029602794707653257,0.004624694342969331
daily,20161027,target_specific,speed_cv,medium,M4_vs_M1,41412,0.06401027292248354,0.06370025010766225,0.0003100228148212869,0.004843329057458084
daily,20161027,target_specific,speed_cv,medium,M4_vs_M3,41412,0.06371424497540701,0.06370025010766225,1.3994867744754336e-05,0.00021965053105716311
daily,20161027,target_specific,speed_cv,high,M3_vs_M1,124524,0.06214950564091798,0.06183751547413466,0.00031199016678332137,0.005019994343734785
daily,20161027,target_specific,speed_cv,high,M4_vs_M1,124524,0.06214950564091798,0.06183905228098393,0.00031045335993405004,0.0049952667641116975
daily,20161027,target_specific,speed_cv,high,M4_vs_M3,124524,0.06183751547413466,0.06183905228098393,-1.5368068492713216e-06,-2.4852338220382347e-05
daily,20161027,target_specific,acceleration_rms,unseen,M3_vs_M1,2754,0.11811027670977242,0.11763207227534192,0.0004782044344305014,0.0040487961568795045
daily,20161027,target_specific,acceleration_rms,unseen,M4_vs_M1,2754,0.11811027670977242,0.11763471370365532,0.0004755630061171051,0.0040264320714927014
daily,20161027,target_specific,acceleration_rms,unseen,M4_vs_M3,2754,0.11763207227534192,0.11763471370365532,-2.64142831339631e-06,-2.245500110899608e-05
daily,20161027,target_specific,acceleration_rms,low,M3_vs_M1,5560,0.11877832323190925,0.1181681400471706,0.0006101831847386413,0.005137159442361268
daily,20161027,target_specific,acceleration_rms,low,M4_vs_M1,5560,0.11877832323190925,0.11820770914001807,0.0005706140918911723,0.0048040254851642785
daily,20161027,target_specific,acceleration_rms,low,M4_vs_M3,5560,0.1181681400471706,0.11820770914001807,-3.956909284746901e-05,-0.0003348541563882933
daily,20161027,target_specific,acceleration_rms,medium,M3_vs_M1,28024,0.12081289100660722,0.12042840823643164,0.0003844827701755815,0.0031824647764993413
daily,20161027,target_specific,acceleration_rms,medium,M4_vs_M1,28024,0.12081289100660722,0.12042665856392766,0.0003862324426795599,0.003196947274926456
daily,20161027,target_specific,acceleration_rms,medium,M4_vs_M3,28024,0.12042840823643164,0.12042665856392766,1.7496725039783945e-06,1.4528735616461373e-05
daily,20161027,target_specific,acceleration_rms,high,M3_vs_M1,85347,0.11903488949465091,0.11858149789526365,0.0004533915993872595,0.003808896713493682
daily,20161027,target_specific,acceleration_rms,high,M4_vs_M1,85347,0.11903488949465091,0.11859302963463367,0.00044185986001724076,0.003712019743901192
daily,20161027,target_specific,acceleration_rms,high,M4_vs_M3,85347,0.11858149789526365,0.11859302963463367,-1.1531739370018723e-05,-9.724737479875704e-05
aggregate,all,spatial,crawl,unseen,M3_vs_M1,176,0.42265403691933234,0.4142750555871647,0.008378981332167634,0.019824680708697088
aggregate,all,spatial,crawl,unseen,M4_vs_M1,176,0.42265403691933234,0.40083386833165685,0.021820168587675492,0.051626547203286466
aggregate,all,spatial,crawl,unseen,M4_vs_M3,176,0.4142750555871647,0.40083386833165685,0.013441187255507858,0.03244507984304595
aggregate,all,spatial,crawl,low,M3_vs_M1,654,0.36151708365455043,0.345119281977398,0.016397801677152435,0.045358303711095
aggregate,all,spatial,crawl,low,M4_vs_M1,654,0.36151708365455043,0.34734131878780183,0.014175764866748597,0.0392118810083518
aggregate,all,spatial,crawl,low,M4_vs_M3,654,0.345119281977398,0.34734131878780183,-0.002222036810403838,-0.006438460342384927
aggregate,all,spatial,crawl,medium,M3_vs_M1,104020,0.2130634981309897,0.20833035532673608,0.004733142804253632,0.022214705220618004
aggregate,all,spatial,crawl,medium,M4_vs_M1,104020,0.2130634981309897,0.20837638753311213,0.004687110597877575,0.0219986559828093
aggregate,all,spatial,crawl,medium,M4_vs_M3,104020,0.20833035532673608,0.20837638753311213,-4.603220637605654e-05,-0.00022095774907051672
aggregate,all,spatial,crawl,high,M3_vs_M1,675390,0.16533699532155688,0.16322216526709823,0.002114830054458644,0.012791027503225163
aggregate,all,spatial,crawl,high,M4_vs_M1,675390,0.16533699532155688,0.16309166383493734,0.0022453314866195395,0.013580333199189267
aggregate,all,spatial,crawl,high,M4_vs_M3,675390,0.16322216526709823,0.16309166383493734,0.0001305014321608955,0.0007995325386557749
aggregate,all,spatial,stop,unseen,M3_vs_M1,176,0.1023694121026479,0.11144510294260809,-0.009075690839960196,-0.08865627586939559
aggregate,all,spatial,stop,unseen,M4_vs_M1,176,0.1023694121026479,0.1214283698070424,-0.019058957704394502,-0.18617824712408915
aggregate,all,spatial,stop,unseen,M4_vs_M3,176,0.11144510294260809,0.1214283698070424,-0.009983266864434306,-0.0895801304932661
aggregate,all,spatial,stop,low,M3_vs_M1,654,0.10507257220774799,0.10887190255374557,-0.0037993303459975813,-0.03615910666473073
aggregate,all,spatial,stop,low,M4_vs_M1,654,0.10507257220774799,0.11122444784044005,-0.0061518756326920665,-0.05854882490673842
aggregate,all,spatial,stop,low,M4_vs_M3,654,0.10887190255374557,0.11122444784044005,-0.002352545286694485,-0.021608378576218328
aggregate,all,spatial,stop,medium,M3_vs_M1,104020,0.011576704645751073,0.011882224836398482,-0.0003055201906474094,-0.02639094630090115
aggregate,all,spatial,stop,medium,M4_vs_M1,104020,0.011576704645751073,0.011906795877798599,-0.0003300912320475264,-0.028513401883210155
aggregate,all,spatial,stop,medium,M4_vs_M3,104020,0.011882224836398482,0.011906795877798599,-2.4571041400116983e-05,-0.002067882213846788
aggregate,all,spatial,stop,high,M3_vs_M1,675390,0.004235813062324542,0.004302577706466998,-6.676464414245593e-05,-0.01576194302253193
aggregate,all,spatial,stop,high,M4_vs_M1,675390,0.004235813062324542,0.004321198717143132,-8.53856548185903e-05,-0.02015803189665129
aggregate,all,spatial,stop,high,M4_vs_M3,675390,0.004302577706466998,0.004321198717143132,-1.862101067613437e-05,-0.004327873183590856
aggregate,all,spatial,speed_cv,unseen,M3_vs_M1,85,0.08813532056976649,0.08776520368730202,0.0003701168824644663,0.004199416080542735
aggregate,all,spatial,speed_cv,unseen,M4_vs_M1,85,0.08813532056976649,0.09038133700903606,-0.0022460164392695686,-0.025483726895752973
aggregate,all,spatial,speed_cv,unseen,M4_vs_M3,85,0.08776520368730202,0.09038133700903606,-0.002616133321734035,-0.029808320516807964
aggregate,all,spatial,speed_cv,low,M3_vs_M1,337,0.0955801699847052,0.09162894352688439,0.003951226457820811,0.0413393955927583
aggregate,all,spatial,speed_cv,low,M4_vs_M1,337,0.0955801699847052,0.09150791664940472,0.00407225333530048,0.04260562976558971
aggregate,all,spatial,speed_cv,low,M4_vs_M3,337,0.09162894352688439,0.09150791664940472,0.00012102687747966856,0.0013208367664324175
aggregate,all,spatial,speed_cv,medium,M3_vs_M1,74571,0.06269213344036353,0.06228082085208605,0.00041131258827748624,0.006560832527238064
aggregate,all,spatial,speed_cv,medium,M4_vs_M1,74571,0.06269213344036353,0.06228933035095886,0.00040280308940467136,0.006425097812117711
aggregate,all,spatial,speed_cv,medium,M4_vs_M3,74571,0.06228082085208605,0.06228933035095886,-8.50949887281488e-06,-0.00013663112907622927
aggregate,all,spatial,speed_cv,high,M3_vs_M1,454948,0.06306988787001533,0.06276726300786852,0.0003026248621468136,0.004798246395657339
aggregate,all,spatial,speed_cv,high,M4_vs_M1,454948,0.06306988787001533,0.06277141855175518,0.00029846931826015,0.0047323584731161095
aggregate,all,spatial,speed_cv,high,M4_vs_M3,454948,0.06276726300786852,0.06277141855175518,-4.155543886663615e-06,-6.620559329060876e-05
aggregate,all,spatial,acceleration_rms,unseen,M3_vs_M1,56,0.1339211219169556,0.1345831890237475,-0.0006620671067918971,-0.004943709381425616
aggregate,all,spatial,acceleration_rms,unseen,M4_vs_M1,56,0.1339211219169556,0.13564436430838864,-0.0017232423914330386,-0.012867592257042322
aggregate,all,spatial,acceleration_rms,unseen,M4_vs_M3,56,0.1345831890237475,0.13564436430838864,-0.0010611752846411415,-0.007884902210586605
aggregate,all,spatial,acceleration_rms,low,M3_vs_M1,208,0.12407619554477815,0.12445654266943726,-0.0003803471246591056,-0.0030654318742537622
aggregate,all,spatial,acceleration_rms,low,M4_vs_M1,208,0.12407619554477815,0.12393748722612284,0.00013870831865531175,0.0011179285280813833
aggregate,all,spatial,acceleration_rms,low,M4_vs_M3,208,0.12445654266943726,0.12393748722612284,0.0005190554433144173,0.004170575786385568
aggregate,all,spatial,acceleration_rms,medium,M3_vs_M1,53019,0.11344342194407916,0.11318357269617173,0.00025984924790743713,0.0022905624976257088
aggregate,all,spatial,acceleration_rms,medium,M4_vs_M1,53019,0.11344342194407916,0.11318563867911696,0.0002577832649622025,0.0022723509265197787
aggregate,all,spatial,acceleration_rms,medium,M4_vs_M3,53019,0.11318357269617173,0.11318563867911696,-2.0659829452346345e-06,-1.825338161731763e-05
aggregate,all,spatial,acceleration_rms,high,M3_vs_M1,310634,0.12026654120531513,0.11983296585761917,0.00043357534769596084,0.0036051202882418903
aggregate,all,spatial,acceleration_rms,high,M4_vs_M1,310634,0.12026654120531513,0.11983335277342623,0.00043318843188890066,0.0036019031357139926
aggregate,all,spatial,acceleration_rms,high,M4_vs_M3,310634,0.11983296585761917,0.11983335277342623,-3.8691580706018414e-07,-3.228792714017463e-06
aggregate,all,spatiotemporal,crawl,unseen,M3_vs_M1,7945,0.23217415498278607,0.22502419944883947,0.007149955533946595,0.03079565653841492
aggregate,all,spatiotemporal,crawl,unseen,M4_vs_M1,7945,0.23217415498278607,0.22546014400774758,0.006714010975038487,0.02891799466454946
aggregate,all,spatiotemporal,crawl,unseen,M4_vs_M3,7945,0.22502419944883947,0.22546014400774758,-0.0004359445589081079,-0.0019373230078181985
aggregate,all,spatiotemporal,crawl,low,M3_vs_M1,17602,0.1969021924083882,0.19067239870010919,0.006229793708279002,0.03163902662575741
aggregate,all,spatiotemporal,crawl,low,M4_vs_M1,17602,0.1969021924083882,0.19076747738053476,0.006134715027853427,0.031156153991061825
aggregate,all,spatiotemporal,crawl,low,M4_vs_M3,17602,0.19067239870010919,0.19076747738053476,-9.507868042557543e-05,-0.0004986494168729466
aggregate,all,spatiotemporal,crawl,medium,M3_vs_M1,201184,0.17160832930690814,0.1680023940662678,0.0036059352406403455,0.02101258869662096
aggregate,all,spatiotemporal,crawl,medium,M4_vs_M1,201184,0.17160832930690814,0.1678775566749639,0.0037307726319442402,0.02174004401191998
aggregate,all,spatiotemporal,crawl,medium,M4_vs_M3,201184,0.1680023940662678,0.1678775566749639,0.0001248373913038947,0.00074306912111415
aggregate,all,spatiotemporal,crawl,high,M3_vs_M1,553509,0.17037715999853306,0.16849651172187038,0.0018806482766626775,0.011038147816754721
aggregate,all,spatiotemporal,crawl,high,M4_vs_M1,553509,0.17037715999853306,0.1683803701636226,0.001996789834910473,0.011719821101183194
aggregate,all,spatiotemporal,crawl,high,M4_vs_M3,553509,0.16849651172187038,0.1683803701636226,0.00011614155824779537,0.0006892816774717866
aggregate,all,spatiotemporal,stop,unseen,M3_vs_M1,7945,0.036627224489818956,0.03890248043795513,-0.0022752559481361706,-0.062119256368131565
aggregate,all,spatiotemporal,stop,unseen,M4_vs_M1,7945,0.036627224489818956,0.03955252019519313,-0.002925295705374177,-0.07986670423764441
aggregate,all,spatiotemporal,stop,unseen,M4_vs_M3,7945,0.03890248043795513,0.03955252019519313,-0.0006500397572380065,-0.01670946813467957
aggregate,all,spatiotemporal,stop,low,M3_vs_M1,17602,0.01591675725120114,0.01624039181306639,-0.0003236345618652485,-0.020332945760093552
aggregate,all,spatiotemporal,stop,low,M4_vs_M1,17602,0.01591675725120114,0.016261234048562726,-0.0003444767973615863,-0.021642398129530484
aggregate,all,spatiotemporal,stop,low,M4_vs_M3,17602,0.01624039181306639,0.016261234048562726,-2.084223549633779e-05,-0.0012833579224097867
aggregate,all,spatiotemporal,stop,medium,M3_vs_M1,201184,0.006567514980486253,0.006587548620871166,-2.0033640384912663e-05,-0.003050414113167259
aggregate,all,spatiotemporal,stop,medium,M4_vs_M1,201184,0.006567514980486253,0.006585439705536998,-1.792472505074503e-05,-0.0027293009767018297
aggregate,all,spatiotemporal,stop,medium,M4_vs_M3,201184,0.006587548620871166,0.006585439705536998,2.108915334167634e-06,0.00032013658730138407
aggregate,all,spatiotemporal,stop,high,M3_vs_M1,553509,0.0040818127376915855,0.00417783736402926,-9.602462633767454e-05,-0.023524995512650585
aggregate,all,spatiotemporal,stop,high,M4_vs_M1,553509,0.0040818127376915855,0.004201903445763721,-0.00012009070807213543,-0.02942092540483646
aggregate,all,spatiotemporal,stop,high,M4_vs_M3,553509,0.00417783736402926,0.004201903445763721,-2.4066081734460884e-05,-0.005760416128609341
aggregate,all,spatiotemporal,speed_cv,unseen,M3_vs_M1,5302,0.07059189325120481,0.06946242792740467,0.0011294653238001356,0.015999929620542638
aggregate,all,spatiotemporal,speed_cv,unseen,M4_vs_M1,5302,0.07059189325120481,0.06951067579284066,0.0010812174583641476,0.015316453611983189
aggregate,all,spatiotemporal,speed_cv,unseen,M4_vs_M3,5302,0.06946242792740467,0.06951067579284066,-4.8247865435988024e-05,-0.0006945893899132343
aggregate,all,spatiotemporal,speed_cv,low,M3_vs_M1,12432,0.0653372833969512,0.06487113566440063,0.00046614773255057584,0.0071344829217727685
aggregate,all,spatiotemporal,speed_cv,low,M4_vs_M1,12432,0.0653372833969512,0.064848363042716,0.0004889203542352005,0.007483022385011109
aggregate,all,spatiotemporal,speed_cv,low,M4_vs_M3,12432,0.06487113566440063,0.064848363042716,2.2772621684624683e-05,0.00035104398052216665
aggregate,all,spatiotemporal,speed_cv,medium,M3_vs_M1,138109,0.06318588574197108,0.06286351158839029,0.00032237415358078725,0.005101996273301443
aggregate,all,spatiotemporal,speed_cv,medium,M4_vs_M1,138109,0.06318588574197108,0.06286483211399266,0.00032105362797842096,0.005081097213537387
aggregate,all,spatiotemporal,speed_cv,medium,M4_vs_M3,138109,0.06286351158839029,0.06286483211399266,-1.3205256023662848e-06,-2.1006233489033424e-05
aggregate,all,spatiotemporal,speed_cv,high,M3_vs_M1,374098,0.06280478812999721,0.06250163963863677,0.00030314849136044153,0.004826837258537775
aggregate,all,spatiotemporal,speed_cv,high,M4_vs_M1,374098,0.06280478812999721,0.06250846038099588,0.0002963277490013322,0.004718234991701187
aggregate,all,spatiotemporal,speed_cv,high,M4_vs_M3,374098,0.06250163963863677,0.06250846038099588,-6.820742359109344e-06,-0.00010912901483136375
aggregate,all,spatiotemporal,acceleration_rms,unseen,M3_vs_M1,3578,0.11805148189282952,0.11756173335738807,0.0004897485354414532,0.004148601335526316
aggregate,all,spatiotemporal,acceleration_rms,unseen,M4_vs_M1,3578,0.11805148189282952,0.11749114762296632,0.0005603342698631969,0.004746524659232014
aggregate,all,spatiotemporal,acceleration_rms,unseen,M4_vs_M3,3578,0.11756173335738807,0.11749114762296632,7.058573442174365e-05,0.0006004142028695917
aggregate,all,spatiotemporal,acceleration_rms,low,M3_vs_M1,8707,0.11681095420843784,0.11655913215549613,0.0002518220529417192,0.002155808542513634
aggregate,all,spatiotemporal,acceleration_rms,low,M4_vs_M1,8707,0.11681095420843784,0.1165453589849934,0.00026559522344445086,0.0022737184645416205
aggregate,all,spatiotemporal,acceleration_rms,low,M4_vs_M3,8707,0.11655913215549613,0.1165453589849934,1.3773170502731635e-05,0.00011816466241664778
aggregate,all,spatiotemporal,acceleration_rms,medium,M3_vs_M1,95865,0.11891073849458854,0.1185736467801852,0.00033709171440333974,0.0028348298788732212
aggregate,all,spatiotemporal,acceleration_rms,medium,M4_vs_M1,95865,0.11891073849458854,0.11856998206804606,0.0003407564265424795,0.002865648896445016
aggregate,all,spatiotemporal,acceleration_rms,medium,M4_vs_M3,95865,0.1185736467801852,0.11856998206804606,3.6647121391397697e-06,3.090663261739352e-05
aggregate,all,spatiotemporal,acceleration_rms,high,M3_vs_M1,255767,0.11951503459803849,0.11907680851025142,0.0004382260877870692,0.0036667025973840237
aggregate,all,spatiotemporal,acceleration_rms,high,M4_vs_M1,255767,0.11951503459803849,0.1190803468252837,0.0004346877727547799,0.0036370969913262618
aggregate,all,spatiotemporal,acceleration_rms,high,M4_vs_M3,255767,0.11907680851025142,0.1190803468252837,-3.5383150322892964e-06,-2.9714560513978507e-05
aggregate,all,target_specific,crawl,unseen,M3_vs_M1,15118,0.23850673422112673,0.22950704282124015,0.008999691399886572,0.0377334897032412
aggregate,all,target_specific,crawl,unseen,M4_vs_M1,15118,0.23850673422112673,0.22978887386936425,0.008717860351762474,0.0365518415244405
aggregate,all,target_specific,crawl,unseen,M4_vs_M3,15118,0.22950704282124015,0.22978887386936425,-0.0002818310481240982,-0.0012279843122008788
aggregate,all,target_specific,crawl,low,M3_vs_M1,28836,0.2166329691264295,0.20807995602155147,0.008553013104878021,0.03948158555628892
aggregate,all,target_specific,crawl,low,M4_vs_M1,28836,0.2166329691264295,0.20816508621281327,0.00846788291361622,0.039088615863794335
aggregate,all,target_specific,crawl,low,M4_vs_M3,28836,0.20807995602155147,0.20816508621281327,-8.513019126180077e-05,-0.000409122497377804
aggregate,all,target_specific,crawl,medium,M3_vs_M1,175874,0.19205707590492552,0.1882256517231671,0.003831424181758414,0.019949403913944275
aggregate,all,target_specific,crawl,medium,M4_vs_M1,175874,0.19205707590492552,0.1881429520676254,0.00391412383730011,0.020380003282137484
aggregate,all,target_specific,crawl,medium,M4_vs_M3,175874,0.1882256517231671,0.1881429520676254,8.26996555416959e-05,0.00043936442660496894
aggregate,all,target_specific,crawl,high,M3_vs_M1,560412,0.16150656723202242,0.1599428328170344,0.0015637344149880272,0.00968217232146075
aggregate,all,target_specific,crawl,high,M4_vs_M1,560412,0.16150656723202242,0.15980644325755866,0.0017001239744637575,0.010526655377557108
aggregate,all,target_specific,crawl,high,M4_vs_M3,560412,0.1599428328170344,0.15980644325755866,0.00013638955947573028,0.0008527394261657993
aggregate,all,target_specific,stop,unseen,M3_vs_M1,15118,0.049632146809924615,0.04795506347727821,0.0016770833326464063,0.03379026377942312
aggregate,all,target_specific,stop,unseen,M4_vs_M1,15118,0.049632146809924615,0.048292897771882747,0.001339249038041869,0.026983500092606676
aggregate,all,target_specific,stop,unseen,M4_vs_M3,15118,0.04795506347727821,0.048292897771882747,-0.00033783429460453734,-0.007044809663626199
aggregate,all,target_specific,stop,low,M3_vs_M1,28836,0.015924192486918617,0.015151716985347504,0.0007724755015711127,0.048509555646585205
aggregate,all,target_specific,stop,low,M4_vs_M1,28836,0.015924192486918617,0.015162826025464479,0.0007613664614541382,0.04781193533547051
aggregate,all,target_specific,stop,low,M4_vs_M3,28836,0.015151716985347504,0.015162826025464479,-1.1109040116974445e-05,-0.000733186880913725
aggregate,all,target_specific,stop,medium,M3_vs_M1,175874,0.006343669594243872,0.006378178522695002,-3.450892845113015e-05,-0.005439900035531944
aggregate,all,target_specific,stop,medium,M4_vs_M1,175874,0.006343669594243872,0.0063925558259313835,-4.888623168751178e-05,-0.007706301685678939
aggregate,all,target_specific,stop,medium,M4_vs_M3,175874,0.006378178522695002,0.0063925558259313835,-1.437730323638163e-05,-0.0022541393573767077
aggregate,all,target_specific,stop,high,M3_vs_M1,560412,0.003259305161069106,0.0034779202031746835,-0.0002186150421055774,-0.06707412509783774
aggregate,all,target_specific,stop,high,M4_vs_M1,560412,0.003259305161069106,0.003496605796517784,-0.0002373006354486778,-0.07280712413281341
aggregate,all,target_specific,stop,high,M4_vs_M3,560412,0.0034779202031746835,0.003496605796517784,-1.8685593343100403e-05,-0.005372634290471642
aggregate,all,target_specific,speed_cv,unseen,M3_vs_M1,10183,0.0724777122185669,0.07105842026619714,0.0014192919523697556,0.01958246071688463
aggregate,all,target_specific,speed_cv,unseen,M4_vs_M1,10183,0.0724777122185669,0.07107552586819949,0.0014021863503674153,0.019346448824694162
aggregate,all,target_specific,speed_cv,unseen,M4_vs_M3,10183,0.07105842026619714,0.07107552586819949,-1.7105602002340237e-05,-0.00024072589762423214
aggregate,all,target_specific,speed_cv,low,M3_vs_M1,20661,0.06630239179062371,0.06578214963437388,0.0005202421562498227,0.007846506622154676
aggregate,all,target_specific,speed_cv,low,M4_vs_M1,20661,0.06630239179062371,0.06578280081407228,0.0005195909765514234,0.00783668526155496
aggregate,all,target_specific,speed_cv,low,M4_vs_M3,20661,0.06578214963437388,0.06578280081407228,-6.511796983993401e-07,-9.899033431085563e-06
aggregate,all,target_specific,speed_cv,medium,M3_vs_M1,123652,0.0640326995048533,0.06372030208413627,0.0003123974207170227,0.00487871701697263
aggregate,all,target_specific,speed_cv,medium,M4_vs_M1,123652,0.0640326995048533,0.0637220979786764,0.0003106015261769013,0.004850670494586279
aggregate,all,target_specific,speed_cv,medium,M4_vs_M3,123652,0.06372030208413627,0.0637220979786764,-1.7958945401214121e-06,-2.8184024265141013e-05
aggregate,all,target_specific,speed_cv,high,M3_vs_M1,375445,0.06227956379634966,0.061997542059349715,0.00028202173699994754,0.004528319079467885
aggregate,all,target_specific,speed_cv,high,M4_vs_M1,375445,0.06227956379634966,0.06200366012504408,0.0002759036713055815,0.0044300835536961935
aggregate,all,target_specific,speed_cv,high,M4_vs_M3,375445,0.061997542059349715,0.06200366012504408,-6.118065694366015e-06,-9.868239112623599e-05
aggregate,all,target_specific,acceleration_rms,unseen,M3_vs_M1,8172,0.11892721509313668,0.11831732837319892,0.0006098867199377661,0.0051282351096856955
aggregate,all,target_specific,acceleration_rms,unseen,M4_vs_M1,8172,0.11892721509313668,0.11825361243933534,0.0006736026538013418,0.005663990813825216
aggregate,all,target_specific,acceleration_rms,unseen,M4_vs_M3,8172,0.11831732837319892,0.11825361243933534,6.371593386357566e-05,0.0005385173477092177
aggregate,all,target_specific,acceleration_rms,low,M3_vs_M1,16300,0.11763561766264209,0.11718076484941578,0.0004548528132263113,0.003866624941187012
aggregate,all,target_specific,acceleration_rms,low,M4_vs_M1,16300,0.11763561766264209,0.11720742564957877,0.0004281920130633221,0.003639986099204241
aggregate,all,target_specific,acceleration_rms,low,M4_vs_M3,16300,0.11718076484941578,0.11720742564957877,-2.6660800162989218e-05,-0.0002275185709638431
aggregate,all,target_specific,acceleration_rms,medium,M3_vs_M1,83116,0.12032827545810557,0.12000896234592877,0.00031931311217679725,0.0026536831094863635
aggregate,all,target_specific,acceleration_rms,medium,M4_vs_M1,83116,0.12032827545810557,0.12000331293467528,0.0003249625234302833,0.0027006330988548475
aggregate,all,target_specific,acceleration_rms,medium,M4_vs_M3,83116,0.12000896234592877,0.12000331293467528,5.6494112534860585e-06,4.707491126538943e-05
aggregate,all,target_specific,acceleration_rms,high,M3_vs_M1,256329,0.11905130620299526,0.11862448801188744,0.0004268181911078195,0.003585161765298473
aggregate,all,target_specific,acceleration_rms,high,M4_vs_M1,256329,0.11905130620299526,0.11862736267637307,0.0004239435266221864,0.003561015331485042
aggregate,all,target_specific,acceleration_rms,high,M4_vs_M3,256329,0.11862448801188744,0.11862736267637307,-2.874664485633116e-06,-2.4233314164821047e-05
